Timestamp for sample frequency every 30 min min,Temperature_Fahrenheit,Relative_Humidity
2021-05-12 10:13:00,74.66,63.8
2021-05-18 07:43:00,74.12,60.4
2021-05-18 08:13:00,79.34,54.7
2021-05-18 08:43:00,84.2,48.9
2021-05-18 09:13:00,81.68,48.9
2021-05-18 09:43:00,87.26,44.6
2021-05-18 10:13:00,90.68,41.3
2021-05-18 10:43:00,93.2,38.3
2021-05-18 11:13:00,86.72,41.7
2021-05-18 11:43:00,91.58,39.3
2021-05-18 12:13:00,88.16,40.5
2021-05-18 12:43:00,93.02,38
2021-05-18 13:13:00,87.8,41
2021-05-18 13:43:00,86.54,42.2
2021-05-18 14:13:00,86.72,42.9
2021-05-18 14:43:00,82.76,47
2021-05-18 15:13:00,80.96,50.8
2021-05-18 15:43:00,80.24,52.3
2021-05-18 16:13:00,83.12,51.3
2021-05-18 16:43:00,83.66,49.3
2021-05-18 17:13:00,81.68,51.4
2021-05-18 17:43:00,79.7,53.5
2021-05-18 18:13:00,77.72,55.3
2021-05-18 18:43:00,76.28,56.8
2021-05-18 19:13:00,74.66,58.7
2021-05-18 19:43:00,73.58,60.3
2021-05-18 20:13:00,72.32,62.1
2021-05-18 20:43:00,71.06,63.5
2021-05-18 21:13:00,69.98,64.8
2021-05-18 21:43:00,69.44,65.8
2021-05-18 22:13:00,69.08,66.6
2021-05-18 22:43:00,69.08,67.1
2021-05-18 23:13:00,68.18,68
2021-05-18 23:43:00,67.28,68.7
2021-05-19 00:13:00,66.74,69.6
2021-05-19 00:43:00,66.38,70
2021-05-19 01:13:00,66.02,70.5
2021-05-19 01:43:00,65.66,71
2021-05-19 02:13:00,65.12,71.2
2021-05-19 02:43:00,64.4,71.7
2021-05-19 03:13:00,64.22,72.3
2021-05-19 03:43:00,63.68,72.4
2021-05-19 04:13:00,64.04,73.2
2021-05-19 04:43:00,63.86,73.5
2021-05-19 05:13:00,64.4,74.1
2021-05-19 05:43:00,64.4,74.2
2021-05-19 06:13:00,64.22,74.2
2021-05-19 06:43:00,66.2,72.4
2021-05-19 07:13:00,70.16,67.7
2021-05-19 07:43:00,74.66,61.8
2021-05-19 08:13:00,80.6,55.6
2021-05-19 08:43:00,85.1,50.3
2021-05-19 09:13:00,83.66,50.2
2021-05-19 09:43:00,85.46,48.8
2021-05-19 10:13:00,82.22,50.9
2021-05-19 10:43:00,85.64,48.4
2021-05-19 11:13:00,87.62,45.4
2021-05-19 11:43:00,86.18,45.4
2021-05-19 12:13:00,87.44,44.7
2021-05-19 12:43:00,88.88,43
2021-05-19 13:13:00,86,44
2021-05-19 13:43:00,84.74,45.9
2021-05-19 14:13:00,86,44.7
2021-05-19 14:43:00,88.88,42.8
2021-05-19 15:13:00,90.86,41
2021-05-19 15:43:00,90.68,41.1
2021-05-19 16:13:00,87.26,43.2
2021-05-19 16:43:00,86.72,44.2
2021-05-19 17:13:00,86.18,44.4
2021-05-19 17:43:00,84.38,45.9
2021-05-19 18:13:00,82.22,48.4
2021-05-19 18:43:00,79.7,51.2
2021-05-19 19:13:00,77,54.1
2021-05-19 19:43:00,74.84,57
2021-05-19 20:13:00,73.22,59.5
2021-05-19 20:43:00,71.78,61.2
2021-05-19 21:13:00,71.06,62.8
2021-05-19 21:43:00,71.24,62.9
2021-05-19 22:13:00,70.88,63.3
2021-05-19 22:43:00,70.16,64.5
2021-05-19 23:13:00,69.44,65.6
2021-05-19 23:43:00,68.72,66.6
2021-05-20 00:13:00,68.18,67.8
2021-05-20 00:43:00,67.82,68.8
2021-05-20 01:13:00,67.28,69.4
2021-05-20 01:43:00,66.74,70.1
2021-05-20 02:13:00,66.56,71.3
2021-05-20 02:43:00,66.38,71.4
2021-05-20 03:13:00,65.84,71.8
2021-05-20 03:43:00,65.48,72.3
2021-05-20 04:13:00,65.3,72.6
2021-05-20 04:43:00,64.76,72.7
2021-05-20 05:13:00,64.94,73.4
2021-05-20 05:43:00,65.12,73.6
2021-05-20 06:13:00,65.66,73.1
2021-05-20 06:43:00,67.28,71.6
2021-05-20 07:13:00,68.72,71.2
2021-05-20 07:43:00,71.6,69
2021-05-20 08:13:00,74.12,67
2021-05-20 08:43:00,78.08,63.1
2021-05-20 09:13:00,81.14,58.8
2021-05-20 09:43:00,88.88,50.6
2021-05-20 10:13:00,88.52,48
2021-05-20 10:43:00,87.26,48.6
2021-05-20 11:13:00,91.04,46.3
2021-05-20 11:43:00,86.36,48.3
2021-05-20 12:13:00,86.18,49.4
2021-05-20 12:43:00,83.48,51.3
2021-05-20 13:13:00,80.78,54.7
2021-05-20 13:43:00,81.86,54.8
2021-05-20 14:13:00,89.78,45.6
2021-05-20 14:43:00,91.04,41.7
2021-05-20 15:13:00,92.12,40.1
2021-05-20 15:43:00,91.58,40.3
2021-05-20 16:13:00,90.5,41.6
2021-05-20 16:43:00,88.88,42.8
2021-05-20 17:13:00,86.18,44.7
2021-05-20 17:43:00,84.2,45.8
2021-05-20 18:13:00,81.68,47.8
2021-05-20 18:43:00,79.52,50.1
2021-05-20 19:13:00,76.82,52.9
2021-05-20 19:43:00,74.66,55.6
2021-05-20 20:13:00,73.04,58
2021-05-20 20:43:00,71.78,59.6
2021-05-20 21:13:00,70.88,60.8
2021-05-20 21:43:00,69.8,62.2
2021-05-20 22:13:00,68.9,63.5
2021-05-20 22:43:00,67.82,64.9
2021-05-20 23:13:00,67.64,65.3
2021-05-20 23:43:00,67.1,66.1
2021-05-21 00:13:00,67.1,66.7
2021-05-21 00:43:00,67.1,67.1
2021-05-21 01:13:00,66.74,67.9
2021-05-21 01:43:00,66.38,68.6
2021-05-21 02:13:00,66.02,69.2
2021-05-21 02:43:00,66.02,69.8
2021-05-21 03:13:00,65.84,70.4
2021-05-21 03:43:00,65.84,71.1
2021-05-21 04:13:00,65.84,71.6
2021-05-21 04:43:00,65.48,72
2021-05-21 05:13:00,64.94,72.7
2021-05-21 05:43:00,64.58,73.1
2021-05-21 06:13:00,64.94,73.5
2021-05-21 06:43:00,66.92,71.8
2021-05-21 07:13:00,70.52,67.9
2021-05-21 07:43:00,73.58,64
2021-05-21 08:13:00,76.82,61.9
2021-05-21 08:43:00,80.96,57.9
2021-05-21 09:13:00,84.2,53.7
2021-05-21 09:43:00,87.62,49
2021-05-21 10:13:00,89.42,46
2021-05-21 10:43:00,89.24,45.8
2021-05-21 11:13:00,86.54,48.9
2021-05-21 11:43:00,87.26,47.5
2021-05-21 12:13:00,90.68,45.4
2021-05-21 12:43:00,92.48,43.2
2021-05-21 13:13:00,92.66,42.8
2021-05-21 13:43:00,91.4,43.7
2021-05-21 14:13:00,89.6,44.4
2021-05-21 14:43:00,89.78,45
2021-05-21 15:13:00,91.76,44
2021-05-21 15:43:00,90.86,44.5
2021-05-21 16:13:00,91.04,44.2
2021-05-21 16:43:00,89.42,45.5
2021-05-21 17:13:00,87.08,47.3
2021-05-21 17:43:00,84.56,49.3
2021-05-21 18:13:00,82.04,51.6
2021-05-21 18:43:00,78.98,54.8
2021-05-21 19:13:00,77.18,57.3
2021-05-21 19:43:00,75.56,59
2021-05-21 20:13:00,74.12,61.1
2021-05-21 20:43:00,73.22,62.4
2021-05-21 21:13:00,72.68,63.1
2021-05-21 21:43:00,72.68,63.2
2021-05-21 22:13:00,72.5,63.5
2021-05-21 22:43:00,71.6,64.6
2021-05-21 23:13:00,71.06,65.5
2021-05-21 23:43:00,71.42,65.5
2021-05-22 00:13:00,71.24,65.5
2021-05-22 00:43:00,71.24,65.9
2021-05-22 01:13:00,70.88,66.2
2021-05-22 01:43:00,70.16,67.4
2021-05-22 02:13:00,70.34,67.3
2021-05-22 02:43:00,69.8,68.1
2021-05-22 03:13:00,68.9,69.2
2021-05-22 03:43:00,68.18,70.3
2021-05-22 04:13:00,67.82,71
2021-05-22 04:43:00,67.28,71.6
2021-05-22 05:13:00,66.92,72.4
2021-05-22 05:43:00,66.92,72.6
2021-05-22 06:13:00,66.92,72.9
2021-05-22 06:43:00,69.08,70.9
2021-05-22 07:13:00,71.96,67.6
2021-05-22 07:43:00,75.02,63.7
2021-05-22 08:13:00,78.26,59.5
2021-05-22 08:43:00,81.86,54.6
2021-05-22 09:13:00,85.28,50.9
2021-05-22 09:43:00,89.06,47
2021-05-22 10:13:00,92.66,43
2021-05-22 10:43:00,98.06,38.6
2021-05-22 11:13:00,93.02,41.6
2021-05-22 11:43:00,92.12,42.5
2021-05-22 12:13:00,92.3,42.5
2021-05-22 12:43:00,93.2,41.7
2021-05-22 13:13:00,90.86,43.3
2021-05-22 13:43:00,91.76,42.6
2021-05-22 14:13:00,91.04,43
2021-05-22 14:43:00,90.68,43.6
2021-05-22 15:13:00,89.06,45.1
2021-05-22 15:43:00,91.58,43.9
2021-05-22 16:13:00,94.1,41.1
2021-05-22 16:43:00,92.12,42.3
2021-05-22 17:13:00,90.86,42.7
2021-05-22 17:43:00,86.9,46.7
2021-05-22 18:13:00,84.92,48.8
2021-05-22 18:43:00,82.04,51.9
2021-05-22 19:13:00,79.16,55.5
2021-05-22 19:43:00,77.18,58.8
2021-05-22 20:13:00,75.56,60.9
2021-05-22 20:43:00,74.48,62.7
2021-05-22 21:13:00,73.58,64
2021-05-22 21:43:00,72.68,65.3
2021-05-22 22:13:00,71.78,66.4
2021-05-22 22:43:00,70.88,67.4
2021-05-22 23:13:00,70.16,68.4
2021-05-22 23:43:00,69.26,68.9
2021-05-23 00:13:00,68.9,69.8
2021-05-23 00:43:00,69.62,69
2021-05-23 01:13:00,69.62,68.8
2021-05-23 01:43:00,69.08,69.8
2021-05-23 02:13:00,69.44,69.2
2021-05-23 02:43:00,69.62,69.2
2021-05-23 03:13:00,69.44,69.3
2021-05-23 03:43:00,69.44,69.8
2021-05-23 04:13:00,68.9,70.5
2021-05-23 04:43:00,68.18,71.5
2021-05-23 05:13:00,67.46,72.3
2021-05-23 05:43:00,67.1,73.2
2021-05-23 06:13:00,67.46,73.8
2021-05-23 06:43:00,68,73.3
2021-05-23 07:13:00,69.26,71.7
2021-05-23 07:43:00,75.2,65.9
2021-05-23 08:13:00,81.68,57.6
2021-05-23 08:43:00,85.46,52.4
2021-05-23 09:13:00,88.52,49.6
2021-05-23 09:43:00,91.76,45.9
2021-05-23 10:13:00,85.64,50.5
2021-05-23 10:43:00,88.7,48.8
2021-05-23 11:13:00,86.18,50.6
2021-05-23 11:43:00,89.24,48.4
2021-05-23 12:13:00,93.38,46
2021-05-23 12:43:00,95.9,43.3
2021-05-23 13:13:00,92.3,45.4
2021-05-23 13:43:00,95.72,43.5
2021-05-23 14:13:00,97.16,41.3
2021-05-23 14:43:00,91.58,45.9
2021-05-23 15:13:00,90.86,46.9
2021-05-23 15:43:00,89.06,48
2021-05-23 16:13:00,89.42,48.2
2021-05-23 16:43:00,87.08,50.4
2021-05-23 17:13:00,84.38,53.8
2021-05-23 17:43:00,82.22,57.1
2021-05-23 18:13:00,80.6,59.1
2021-05-23 18:43:00,78.8,61.9
2021-05-23 19:13:00,77.54,64
2021-05-23 19:43:00,76.64,65.6
2021-05-23 20:13:00,75.92,67.1
2021-05-23 20:43:00,75.38,68
2021-05-23 21:13:00,75.02,68.5
2021-05-23 21:43:00,74.48,69.2
2021-05-23 22:13:00,74.12,69.8
2021-05-23 22:43:00,74.12,70.2
2021-05-23 23:13:00,73.94,70.4
2021-05-23 23:43:00,73.76,70.7
2021-05-24 00:13:00,73.04,71.4
2021-05-24 00:43:00,72.14,72.4
2021-05-24 01:13:00,71.42,73.4
2021-05-24 01:43:00,70.7,74.2
2021-05-24 02:13:00,69.98,74.8
2021-05-24 02:43:00,69.44,75.3
2021-05-24 03:13:00,68.9,75.5
2021-05-24 03:43:00,68.72,76.1
2021-05-24 04:13:00,68.72,76.7
2021-05-24 04:43:00,68.54,76.9
2021-05-24 05:13:00,68.36,77.3
2021-05-24 05:43:00,68.18,77.5
2021-05-24 06:13:00,68,77.8
2021-05-24 06:43:00,69.98,76.2
2021-05-24 07:13:00,73.76,71.9
2021-05-24 07:43:00,79.88,64.5
2021-05-24 08:13:00,83.66,58.2
2021-05-24 08:43:00,83.48,58.9
2021-05-24 09:13:00,89.06,52.2
2021-05-24 09:43:00,89.42,49.6
2021-05-24 10:13:00,89.96,48.7
2021-05-24 10:43:00,87.8,48.4
2021-05-24 11:13:00,94.28,43.5
2021-05-24 11:43:00,94.82,41.1
2021-05-24 12:13:00,100.4,36.9
2021-05-24 12:43:00,99.86,36.6
2021-05-24 13:13:00,100.8,35.9
2021-05-24 13:43:00,101.3,34.6
2021-05-24 14:13:00,100.2,35
2021-05-24 14:43:00,99.68,35.4
2021-05-24 15:13:00,100.4,35.1
2021-05-24 15:43:00,98.06,37.1
2021-05-24 16:13:00,94.64,39.6
2021-05-24 16:43:00,90.86,43.3
2021-05-24 17:13:00,88.34,46.3
2021-05-24 17:43:00,86.72,48.5
2021-05-24 18:13:00,85.28,50.4
2021-05-24 18:43:00,82.4,54
2021-05-24 19:13:00,80.42,56.9
2021-05-24 19:43:00,78.8,59.6
2021-05-24 20:13:00,77.54,61.5
2021-05-24 20:43:00,76.28,63.6
2021-05-24 21:13:00,75.02,65.4
2021-05-24 21:43:00,73.94,67
2021-05-24 22:13:00,73.04,68.1
2021-05-24 22:43:00,72.14,69.1
2021-05-24 23:13:00,71.42,69.8
2021-05-24 23:43:00,70.88,70.5
2021-05-25 00:13:00,70.34,71.3
2021-05-25 00:43:00,69.98,71.9
2021-05-25 01:13:00,69.8,72.4
2021-05-25 01:43:00,70.16,72.2
2021-05-25 02:13:00,69.62,72.5
2021-05-25 02:43:00,69.08,73.3
2021-05-25 03:13:00,68.54,73.9
2021-05-25 03:43:00,68.18,74.2
2021-05-25 04:13:00,67.64,74.5
2021-05-25 04:43:00,66.74,74.6
2021-05-25 05:13:00,66.2,74.8
2021-05-25 05:43:00,66.02,75.2
2021-05-25 06:13:00,66.74,76.1
2021-05-25 06:43:00,69.26,74.7
2021-05-25 07:13:00,72.68,71.3
2021-05-25 07:43:00,76.1,68.1
2021-05-25 08:13:00,83.48,60.6
2021-05-25 08:43:00,86.18,55.5
2021-05-25 09:13:00,85.64,54.5
2021-05-25 09:43:00,82.76,58.2
2021-05-25 10:13:00,86.9,52.6
2021-05-25 10:43:00,85.1,53.5
2021-05-25 11:13:00,86.72,53.1
2021-05-25 11:43:00,90.32,48.7
2021-05-25 12:13:00,87.62,49.2
2021-05-25 12:43:00,86.18,51.2
2021-05-25 13:13:00,88.34,49.7
2021-05-25 13:43:00,85.1,52.8
2021-05-25 14:13:00,84.2,54.9
2021-05-25 14:43:00,89.96,49.8
2021-05-25 15:13:00,87.08,50.9
2021-05-25 15:43:00,84.56,53.4
2021-05-25 16:13:00,81.32,57.3
2021-05-25 16:43:00,80.42,59.5
2021-05-25 17:13:00,80.78,59.7
2021-05-25 17:43:00,82.22,58.1
2021-05-25 18:13:00,80.78,59.6
2021-05-25 18:43:00,78.98,61.6
2021-05-25 19:13:00,76.46,64.7
2021-05-25 19:43:00,74.84,67.1
2021-05-25 20:13:00,73.76,68.9
2021-05-25 20:43:00,73.4,70
2021-05-25 21:13:00,72.68,70.8
2021-05-25 21:43:00,71.78,71.8
2021-05-25 22:13:00,71.24,72.6
2021-05-25 22:43:00,70.7,73.5
2021-05-25 23:13:00,70.52,73.8
2021-05-25 23:43:00,69.98,74.4
2021-05-26 00:13:00,69.98,74.9
2021-05-26 00:43:00,69.98,75.5
2021-05-26 01:13:00,69.62,76.3
2021-05-26 01:43:00,69.44,76.8
2021-05-26 02:13:00,69.26,77.2
2021-05-26 02:43:00,69.08,77.6
2021-05-26 03:13:00,68.72,78.1
2021-05-26 03:43:00,68.72,78.5
2021-05-26 04:13:00,68.18,78.7
2021-05-26 04:43:00,67.64,78.8
2021-05-26 05:13:00,67.1,78.8
2021-05-26 05:43:00,66.74,78.7
2021-05-26 06:13:00,66.74,78.9
2021-05-26 06:43:00,68.54,78
2021-05-26 07:13:00,72.32,74.2
2021-05-26 07:43:00,76.82,68.7
2021-05-26 08:13:00,81.14,61.9
2021-05-26 08:43:00,85.82,56.7
2021-05-26 09:13:00,90.32,51.5
2021-05-26 09:43:00,91.4,48.8
2021-05-26 10:13:00,89.96,49.4
2021-05-26 10:43:00,88.88,50.7
2021-05-26 11:13:00,93.02,46.1
2021-05-26 11:43:00,99.5,40.7
2021-05-26 12:13:00,101.5,38.2
2021-05-26 12:43:00,104.5,35.8
2021-05-26 13:13:00,105.8,34.2
2021-05-26 13:43:00,107.8,32
2021-05-26 14:13:00,106,31.7
2021-05-26 14:43:00,102.7,33.1
2021-05-26 15:13:00,99.5,34.8
2021-05-26 15:43:00,97.52,36.3
2021-05-26 16:13:00,97.16,36.9
2021-05-26 16:43:00,92.66,40
2021-05-26 17:13:00,89.78,42.2
2021-05-26 17:43:00,87.62,44.7
2021-05-26 18:13:00,85.28,47.3
2021-05-26 18:43:00,82.94,50.1
2021-05-26 19:13:00,80.06,53.5
2021-05-26 19:43:00,78.26,56.3
2021-05-26 20:13:00,77,58.5
2021-05-26 20:43:00,75.92,60.6
2021-05-26 21:13:00,74.84,62.5
2021-05-26 21:43:00,74.12,64.1
2021-05-26 22:13:00,73.4,65.3
2021-05-26 22:43:00,72.68,66.3
2021-05-26 23:13:00,71.96,67.2
2021-05-26 23:43:00,71.24,68.1
2021-05-27 00:13:00,71.06,68.5
2021-05-27 00:43:00,70.7,69.2
2021-05-27 01:13:00,70.34,69.7
2021-05-27 01:43:00,69.8,70.3
2021-05-27 02:13:00,69.26,71.2
2021-05-27 02:43:00,68.9,71.9
2021-05-27 03:13:00,68.18,72.3
2021-05-27 03:43:00,67.64,72.9
2021-05-27 04:13:00,67.28,73.3
2021-05-27 04:43:00,66.92,73.7
2021-05-27 05:13:00,66.38,73.9
2021-05-27 05:43:00,66.38,74.1
2021-05-27 06:13:00,66.74,74.8
2021-05-27 06:43:00,68.72,73
2021-05-27 07:13:00,71.96,70
2021-05-27 07:43:00,76.1,66
2021-05-27 08:13:00,80.96,60.3
2021-05-27 08:43:00,84.02,56.2
2021-05-27 09:13:00,87.08,53.1
2021-05-27 09:43:00,89.6,49.3
2021-05-27 10:13:00,91.94,45.8
2021-05-27 10:43:00,94.46,42.6
2021-05-27 11:13:00,90.86,44
2021-05-27 11:43:00,89.96,45.1
2021-05-27 12:13:00,89.06,45.5
2021-05-27 12:43:00,86.9,46.3
2021-05-27 13:13:00,94.64,41
2021-05-27 13:43:00,92.48,41.5
2021-05-27 14:13:00,89.78,43.2
2021-05-27 14:43:00,87.44,45.9
2021-05-27 15:13:00,87.62,46.6
2021-05-27 15:43:00,86.54,47.3
2021-05-27 16:13:00,87.26,47.4
2021-05-27 16:43:00,88.34,46.5
2021-05-27 17:13:00,87.8,46.7
2021-05-27 17:43:00,85.64,48.9
2021-05-27 18:13:00,83.3,51.5
2021-05-27 18:43:00,80.6,54.7
2021-05-27 19:13:00,78.08,57.7
2021-05-27 19:43:00,76.28,60.3
2021-05-27 20:13:00,74.84,62.3
2021-05-27 20:43:00,73.76,64.1
2021-05-27 21:13:00,72.68,65.5
2021-05-27 21:43:00,71.96,66.8
2021-05-27 22:13:00,71.6,67.4
2021-05-27 22:43:00,71.6,67.7
2021-05-27 23:13:00,71.6,68.1
2021-05-27 23:43:00,71.24,68.5
2021-05-28 00:13:00,70.7,69.9
2021-05-28 00:43:00,69.98,70.9
2021-05-28 01:13:00,69.44,71.6
2021-05-28 01:43:00,68.9,72.4
2021-05-28 02:13:00,68.18,73
2021-05-28 02:43:00,67.82,73.4
2021-05-28 03:13:00,68,73.7
2021-05-28 03:43:00,67.82,73.8
2021-05-28 04:13:00,67.46,74.2
2021-05-28 04:43:00,66.92,74.6
2021-05-28 05:13:00,66.38,75
2021-05-28 05:43:00,66.02,75.5
2021-05-28 06:13:00,65.66,75.6
2021-05-28 06:43:00,67.64,74.2
2021-05-28 07:13:00,71.6,70
2021-05-28 07:43:00,76.82,63.4
2021-05-28 08:13:00,79.34,59.5
2021-05-28 08:43:00,83.84,56.1
2021-05-28 09:13:00,81.86,56.3
2021-05-28 09:43:00,84.74,53.3
2021-05-28 10:13:00,87.26,50.2
2021-05-28 10:43:00,83.48,52.9
2021-05-28 11:13:00,91.4,46.2
2021-05-28 11:43:00,88.7,47
2021-05-28 12:13:00,86.54,49
2021-05-28 12:43:00,92.84,43.5
2021-05-28 13:13:00,90.86,44.1
2021-05-28 13:43:00,96.44,39
2021-05-28 14:13:00,95.9,38.9
2021-05-28 14:43:00,96.44,37.8
2021-05-28 15:13:00,97.52,36.9
2021-05-28 15:43:00,96.08,37.2
2021-05-28 16:13:00,94.64,38.3
2021-05-28 16:43:00,92.84,39.6
2021-05-28 17:13:00,90.32,41.7
2021-05-28 17:43:00,87.8,43.9
2021-05-28 18:13:00,85.1,46.8
2021-05-28 18:43:00,82.22,50.3
2021-05-28 19:13:00,79.34,53.8
2021-05-28 19:43:00,77.36,56.6
2021-05-28 20:13:00,76.1,58.4
2021-05-28 20:43:00,75.02,59.9
2021-05-28 21:13:00,74.3,61.4
2021-05-28 21:43:00,73.4,63.1
2021-05-28 22:13:00,72.68,64.1
2021-05-28 22:43:00,71.96,65.3
2021-05-28 23:13:00,71.42,66
2021-05-28 23:43:00,70.88,66.9
2021-05-29 00:13:00,69.98,68
2021-05-29 00:43:00,69.08,68.7
2021-05-29 01:13:00,68.18,69.4
2021-05-29 01:43:00,67.64,70.1
2021-05-29 02:13:00,67.82,70.1
2021-05-29 02:43:00,67.28,70.5
2021-05-29 03:13:00,66.56,71
2021-05-29 03:43:00,65.66,71.4
2021-05-29 04:13:00,64.94,71.7
2021-05-29 04:43:00,64.22,71.8
2021-05-29 05:13:00,63.68,71.9
2021-05-29 05:43:00,63.14,72
2021-05-29 06:13:00,62.78,72.3
2021-05-29 06:43:00,65.48,71.6
2021-05-29 07:13:00,69.8,67.3
2021-05-29 07:43:00,75.2,61.1
2021-05-29 08:13:00,80.78,54.6
2021-05-29 08:43:00,86.72,48.6
2021-05-29 09:13:00,85.82,47
2021-05-29 09:43:00,84.2,48.6
2021-05-29 10:13:00,86.72,46.6
2021-05-29 10:43:00,89.06,44.9
2021-05-29 11:13:00,87.8,45.7
2021-05-29 11:43:00,91.58,42.5
2021-05-29 12:13:00,87.26,45.9
2021-05-29 12:43:00,87.08,46.5
2021-05-29 13:13:00,87.44,46.4
2021-05-29 13:43:00,88.88,44.8
2021-05-29 14:13:00,88.16,45.2
2021-05-29 14:43:00,90.32,43.9
2021-05-29 15:13:00,91.22,43.2
2021-05-29 15:43:00,86.72,46.3
2021-05-29 16:13:00,83.48,49.4
2021-05-29 16:43:00,82.4,52
2021-05-29 17:13:00,80.96,53.4
2021-05-29 17:43:00,78.62,57
2021-05-29 18:13:00,77.18,59.6
2021-05-29 18:43:00,77,60.5
2021-05-29 19:13:00,75.02,63.2
2021-05-29 19:43:00,73.22,65.8
2021-05-29 20:13:00,72.14,67.4
2021-05-29 20:43:00,71.06,68.6
2021-05-29 21:13:00,69.98,69.4
2021-05-29 21:43:00,69.08,70.1
2021-05-29 22:13:00,68.36,70.7
2021-05-29 22:43:00,67.64,71.3
2021-05-29 23:13:00,66.92,71.5
2021-05-29 23:43:00,66.02,71.7
2021-05-30 00:13:00,65.48,72
2021-05-30 00:43:00,64.58,72.3
2021-05-30 01:13:00,64.22,72.6
2021-05-30 01:43:00,63.86,72.9
2021-05-30 02:13:00,63.32,73.1
2021-05-30 02:43:00,62.96,73.4
2021-05-30 03:13:00,62.6,73.7
2021-05-30 03:43:00,62.6,74.2
2021-05-30 04:13:00,62.24,74.5
2021-05-30 04:43:00,61.7,74.5
2021-05-30 05:13:00,61.34,74.9
2021-05-30 05:43:00,60.98,75
2021-05-30 06:13:00,61.16,75.4
2021-05-30 06:43:00,63.5,75
2021-05-30 07:13:00,67.64,71.3
2021-05-30 07:43:00,73.22,65.8
2021-05-30 08:13:00,78.98,60.1
2021-05-30 08:43:00,85.28,54
2021-05-30 09:13:00,90.86,48.2
2021-05-30 09:43:00,88.16,47.7
2021-05-30 10:13:00,90.32,46.3
2021-05-30 10:43:00,88.16,47.8
2021-05-30 11:13:00,91.94,45.9
2021-05-30 11:43:00,99.86,39.5
2021-05-30 12:13:00,103.5,36.1
2021-05-30 12:43:00,105.1,34.5
2021-05-30 13:13:00,105.4,34.2
2021-05-30 13:43:00,105.6,33.6
2021-05-30 14:13:00,105.4,33.8
2021-05-30 14:43:00,104.7,34
2021-05-30 15:13:00,105.3,34
2021-05-30 15:43:00,102,35.1
2021-05-30 16:13:00,100.9,36.4
2021-05-30 16:43:00,100.2,36.7
2021-05-30 17:13:00,96.44,39.2
2021-05-30 17:43:00,95.72,40
2021-05-30 18:13:00,93.74,41.3
2021-05-30 18:43:00,89.96,44.6
2021-05-30 19:13:00,84.74,49.8
2021-05-30 19:43:00,81.68,53.8
2021-05-30 20:13:00,79.52,56.9
2021-05-30 20:43:00,77.72,59.5
2021-05-30 21:13:00,76.28,61.6
2021-05-30 21:43:00,75.2,63.2
2021-05-30 22:13:00,74.12,64.4
2021-05-30 22:43:00,73.04,65.7
2021-05-30 23:13:00,72.14,66.6
2021-05-30 23:43:00,71.42,67.3
2021-05-31 00:13:00,70.16,68
2021-05-31 00:43:00,69.26,68.6
2021-05-31 01:13:00,68.54,69
2021-05-31 01:43:00,67.82,69.4
2021-05-31 02:13:00,67.1,69.9
2021-05-31 02:43:00,66.38,70.1
2021-05-31 03:13:00,65.66,70.5
2021-05-31 03:43:00,64.94,70.6
2021-05-31 04:13:00,64.58,71.2
2021-05-31 04:43:00,64.04,71.3
2021-05-31 05:13:00,63.68,71.8
2021-05-31 05:43:00,63.5,72.2
2021-05-31 06:13:00,63.5,72.7
2021-05-31 06:43:00,68,70.9
2021-05-31 07:13:00,73.58,64.2
2021-05-31 07:43:00,75.38,61.7
2021-05-31 08:13:00,80.24,56.5
2021-05-31 08:43:00,86.9,49.4
2021-05-31 09:13:00,92.3,44.1
2021-05-31 09:43:00,93.02,42.9
2021-05-31 10:13:00,90.32,44.2
2021-05-31 10:43:00,95.18,41.3
2021-05-31 11:13:00,100.6,36.5
2021-05-31 11:43:00,102.9,34.8
2021-05-31 12:13:00,104.7,34
2021-05-31 12:43:00,105.6,33.5
2021-05-31 13:13:00,107.2,32.6
2021-05-31 13:43:00,108.7,31.4
2021-05-31 14:13:00,110.8,30.4
2021-05-31 14:43:00,104.7,33.9
2021-05-31 15:13:00,103.6,34.2
2021-05-31 15:43:00,105.3,33.6
2021-05-31 16:13:00,103.6,34.2
2021-05-31 16:43:00,100.6,36
2021-05-31 17:13:00,98.06,37.7
2021-05-31 17:43:00,95,39.6
2021-05-31 18:13:00,92.48,42.2
2021-05-31 18:43:00,88.88,45.6
2021-05-31 19:13:00,84.92,49.7
2021-05-31 19:43:00,81.86,53.6
2021-05-31 20:13:00,79.88,56.2
2021-05-31 20:43:00,78.26,58.4
2021-05-31 21:13:00,76.64,60.3
2021-05-31 21:43:00,75.38,62
2021-05-31 22:13:00,74.12,63.3
2021-05-31 22:43:00,73.22,64.7
2021-05-31 23:13:00,72.5,65.5
2021-05-31 23:43:00,71.6,66.4
2021-06-01 00:13:00,70.88,67.3
2021-06-01 00:43:00,70.16,68
2021-06-01 01:13:00,69.8,68.6
2021-06-01 01:43:00,69.26,69.3
2021-06-01 02:13:00,68.9,69.8
2021-06-01 02:43:00,68.36,70.2
2021-06-01 03:13:00,68.18,70.6
2021-06-01 03:43:00,68.18,71.1
2021-06-01 04:13:00,67.82,71.1
2021-06-01 04:43:00,67.1,71.5
2021-06-01 05:13:00,66.56,72.1
2021-06-01 05:43:00,66.56,72.1
2021-06-01 06:13:00,66.92,72.9
2021-06-01 06:43:00,68.72,70.9
2021-06-01 07:13:00,72.5,67
2021-06-01 07:43:00,77.36,61
2021-06-01 08:13:00,83.3,55.5
2021-06-01 08:43:00,87.26,52.4
2021-06-01 09:13:00,92.48,46.4
2021-06-01 09:43:00,90.68,48.1
2021-06-01 10:13:00,93.02,45.9
2021-06-01 10:43:00,91.76,46.4
2021-06-01 11:13:00,93.38,45
2021-06-01 11:43:00,95.9,43.9
2021-06-01 12:13:00,99.14,38.8
2021-06-01 12:43:00,101.7,36.8
2021-06-01 13:13:00,100.2,36.8
2021-06-01 13:43:00,98.06,38.2
2021-06-01 14:13:00,99.86,37.4
2021-06-01 14:43:00,101.7,35.5
2021-06-01 15:13:00,100.2,36
2021-06-01 15:43:00,99.5,36.6
2021-06-01 16:13:00,97.7,38.1
2021-06-01 16:43:00,95.54,40.1
2021-06-01 17:13:00,93.2,42.1
2021-06-01 17:43:00,90.5,44.2
2021-06-01 18:13:00,87.62,46.9
2021-06-01 18:43:00,84.92,50
2021-06-01 19:13:00,81.86,53.4
2021-06-01 19:43:00,79.7,56.1
2021-06-01 20:13:00,78.26,58.1
2021-06-01 20:43:00,77,60
2021-06-01 21:13:00,75.74,61.5
2021-06-01 21:43:00,74.84,62.9
2021-06-01 22:13:00,74.12,64
2021-06-01 22:43:00,73.58,65
2021-06-01 23:13:00,74.12,64.6
2021-06-01 23:43:00,72.68,65.9
2021-06-02 00:13:00,72.32,67
2021-06-02 00:43:00,71.96,68
2021-06-02 01:13:00,72.5,67.6
2021-06-02 01:43:00,72.5,67.7
2021-06-02 02:13:00,72.5,67.9
2021-06-02 02:43:00,71.78,68.4
2021-06-02 03:13:00,70.88,69.8
2021-06-02 03:43:00,69.8,70.9
2021-06-02 04:13:00,69.26,71.5
2021-06-02 04:43:00,68.72,72.4
2021-06-02 05:13:00,68.54,72.7
2021-06-02 05:43:00,68.36,72.7
2021-06-02 06:13:00,68.18,73.2
2021-06-02 06:43:00,69.62,71.6
2021-06-02 07:13:00,74.12,66.9
2021-06-02 07:43:00,75.2,63.9
2021-06-02 08:13:00,74.84,65.2
2021-06-02 08:43:00,79.7,61.2
2021-06-02 09:13:00,87.08,53
2021-06-02 09:43:00,92.12,45.4
2021-06-02 10:13:00,93.02,42.4
2021-06-02 10:43:00,88.88,44.6
2021-06-02 11:13:00,94.46,39.4
2021-06-02 11:43:00,95.9,36.2
2021-06-02 12:13:00,97.88,34.5
2021-06-02 12:43:00,98.42,34
2021-06-02 13:13:00,98.96,33.9
2021-06-02 13:43:00,100.8,32.6
2021-06-02 14:13:00,98.42,33.7
2021-06-02 14:43:00,97.52,35.2
2021-06-02 15:13:00,95.18,36.8
2021-06-02 15:43:00,93.38,38.2
2021-06-02 16:13:00,94.64,37.8
2021-06-02 16:43:00,93.92,38.2
2021-06-02 17:13:00,91.94,39.9
2021-06-02 17:43:00,89.06,42.5
2021-06-02 18:13:00,86.36,45.5
2021-06-02 18:43:00,83.48,49.2
2021-06-02 19:13:00,80.78,52.3
2021-06-02 19:43:00,78.98,54.5
2021-06-02 20:13:00,77.54,56.5
2021-06-02 20:43:00,76.46,58.3
2021-06-02 21:13:00,75.38,59.7
2021-06-02 21:43:00,74.66,60.9
2021-06-02 22:13:00,74.3,61.7
2021-06-02 22:43:00,74.3,62.5
2021-06-02 23:13:00,74.12,62.8
2021-06-02 23:43:00,73.76,63.3
2021-06-03 00:13:00,73.04,64.7
2021-06-03 00:43:00,73.4,64.7
2021-06-03 01:13:00,72.86,65.3
2021-06-03 01:43:00,71.78,66.7
2021-06-03 02:13:00,71.06,68
2021-06-03 02:43:00,70.34,69
2021-06-03 03:13:00,69.98,69.6
2021-06-03 03:43:00,69.62,70.3
2021-06-03 04:13:00,69.44,70.6
2021-06-03 04:43:00,69.08,71.2
2021-06-03 05:13:00,68.9,71.5
2021-06-03 05:43:00,68.72,72
2021-06-03 06:13:00,68.72,72.3
2021-06-03 06:43:00,71.24,69.7
2021-06-03 07:13:00,75.2,65.1
2021-06-03 07:43:00,78.98,60.1
2021-06-03 08:13:00,78.98,59.1
2021-06-03 08:43:00,81.14,57.1
2021-06-03 09:13:00,84.74,54.6
2021-06-03 09:43:00,87.44,49.5
2021-06-03 10:13:00,85.1,51.4
2021-06-03 10:43:00,84.02,52.7
2021-06-03 11:13:00,83.12,54.1
2021-06-03 11:43:00,82.4,55
2021-06-03 12:13:00,83.48,53.7
2021-06-03 12:43:00,86.9,50.9
2021-06-03 13:13:00,87.26,49.2
2021-06-03 13:43:00,92.66,44.9
2021-06-03 14:13:00,94.46,42.6
2021-06-03 14:43:00,93.2,42.3
2021-06-03 15:13:00,90.86,44.5
2021-06-03 15:43:00,93.38,42.2
2021-06-03 16:13:00,93.92,41.9
2021-06-03 16:43:00,92.12,43.1
2021-06-03 17:13:00,89.96,44.3
2021-06-03 17:43:00,86.18,48.4
2021-06-03 18:13:00,84.56,50.6
2021-06-03 18:43:00,82.58,52.8
2021-06-03 19:13:00,80.6,55
2021-06-03 19:43:00,79.52,57
2021-06-03 20:13:00,78.08,58.9
2021-06-03 20:43:00,76.64,61.3
2021-06-03 21:13:00,75.92,62.9
2021-06-03 21:43:00,75.38,64.2
2021-06-03 22:13:00,75.02,65.3
2021-06-03 22:43:00,74.48,66.2
2021-06-03 23:13:00,74.3,66.9
2021-06-03 23:43:00,73.94,67.6
2021-06-04 00:13:00,73.58,68.3
2021-06-04 00:43:00,73.22,68.7
2021-06-04 01:13:00,72.32,69.9
2021-06-04 01:43:00,71.6,70.9
2021-06-04 02:13:00,70.88,72.1
2021-06-04 02:43:00,71.42,71.5
2021-06-04 03:13:00,70.88,72.1
2021-06-04 03:43:00,71.24,71.7
2021-06-04 04:13:00,71.06,71.9
2021-06-04 04:43:00,71.42,71.5
2021-06-04 05:13:00,71.24,71.7
2021-06-04 05:43:00,71.24,71.7
2021-06-04 06:13:00,71.24,71.9
2021-06-04 06:43:00,72.14,71.1
2021-06-04 07:13:00,72.68,70.4
2021-06-04 07:43:00,76.1,66.7
2021-06-04 08:13:00,82.58,60
2021-06-04 08:43:00,85.64,54.4
2021-06-04 09:13:00,84.38,54.1
2021-06-04 09:43:00,85.64,52.6
2021-06-04 10:13:00,85.28,51.9
2021-06-04 10:43:00,94.46,44.1
2021-06-04 11:13:00,96.26,40.7
2021-06-04 11:43:00,98.78,37.4
2021-06-04 12:13:00,94.82,38.9
2021-06-04 12:43:00,94.46,39.1
2021-06-04 13:13:00,93.92,39.4
2021-06-04 13:43:00,95.54,37.8
2021-06-04 14:13:00,95.18,38
2021-06-04 14:43:00,92.66,39.1
2021-06-04 15:13:00,90.32,41.3
2021-06-04 15:43:00,87.8,43.7
2021-06-04 16:13:00,87.8,45.1
2021-06-04 16:43:00,89.6,43.8
2021-06-04 17:13:00,87.98,45.3
2021-06-04 17:43:00,86.36,47
2021-06-04 18:13:00,85.64,48
2021-06-04 18:43:00,84.38,49.1
2021-06-04 19:13:00,81.86,52
2021-06-04 19:43:00,80.06,54.1
2021-06-04 20:13:00,78.98,55.6
2021-06-04 20:43:00,78.44,56.6
2021-06-04 21:13:00,77.54,57.5
2021-06-04 21:43:00,75.38,60.4
2021-06-04 22:13:00,74.3,62
2021-06-04 22:43:00,73.22,63.7
2021-06-04 23:13:00,72.68,64.5
2021-06-04 23:43:00,72.68,64.4
2021-06-05 00:13:00,72.5,64.9
2021-06-05 00:43:00,72.32,64.8
2021-06-05 01:13:00,72.32,64.9
2021-06-05 01:43:00,70.88,66.9
2021-06-05 02:13:00,69.98,68.2
2021-06-05 02:43:00,69.08,69.1
2021-06-05 03:13:00,68.36,70.1
2021-06-05 03:43:00,67.82,70.5
2021-06-05 04:13:00,67.46,71.4
2021-06-05 04:43:00,67.1,71.9
2021-06-05 05:13:00,66.74,72.2
2021-06-05 05:43:00,66.38,72.6
2021-06-05 06:13:00,66.2,73.2
2021-06-05 06:43:00,68.36,71.4
2021-06-05 07:13:00,72.14,67.1
2021-06-05 07:43:00,76.82,61.3
2021-06-05 08:13:00,80.24,56.1
2021-06-05 08:43:00,81.14,54.9
2021-06-05 09:13:00,88.52,48.4
2021-06-05 09:43:00,91.58,43.6
2021-06-05 10:13:00,96.44,40.1
2021-06-05 10:43:00,93.02,41.3
2021-06-05 11:13:00,91.58,42.3
2021-06-05 11:43:00,93.2,42.2
2021-06-05 12:13:00,98.24,37.5
2021-06-05 12:43:00,96.08,38.8
2021-06-05 13:13:00,92.12,41.3
2021-06-05 13:43:00,95.72,39.5
2021-06-05 14:13:00,98.6,35.9
2021-06-05 14:43:00,95.36,37.8
2021-06-05 15:13:00,94.1,39.2
2021-06-05 15:43:00,91.04,41.8
2021-06-05 16:13:00,89.6,43
2021-06-05 16:43:00,91.22,42.2
2021-06-05 17:13:00,91.22,41.9
2021-06-05 17:43:00,90.32,42.1
2021-06-05 18:13:00,88.7,43.3
2021-06-05 18:43:00,86,45.4
2021-06-05 19:13:00,82.4,48.8
2021-06-05 19:43:00,79.34,52.3
2021-06-05 20:13:00,77.18,55
2021-06-05 20:43:00,75.74,57
2021-06-05 21:13:00,74.48,58.9
2021-06-05 21:43:00,73.58,60.6
2021-06-05 22:13:00,72.68,61.7
2021-06-05 22:43:00,71.78,62.8
2021-06-05 23:13:00,71.24,63.9
2021-06-05 23:43:00,70.52,64.8
2021-06-06 00:13:00,69.8,65.8
2021-06-06 00:43:00,69.26,66.4
2021-06-06 01:13:00,69.08,67
2021-06-06 01:43:00,68.18,67.6
2021-06-06 02:13:00,67.64,68.4
2021-06-06 02:43:00,67.64,69.1
2021-06-06 03:13:00,67.64,69.5
2021-06-06 03:43:00,68,69.2
2021-06-06 04:13:00,68.36,68.7
2021-06-06 04:43:00,67.46,69.5
2021-06-06 05:13:00,66.92,70.4
2021-06-06 05:43:00,67.1,70.1
2021-06-06 06:13:00,68.18,69.4
2021-06-06 06:43:00,69.8,68
2021-06-06 07:13:00,73.04,64.2
2021-06-06 07:43:00,77.36,58.7
2021-06-06 08:13:00,80.78,54.6
2021-06-06 08:43:00,83.84,51.2
2021-06-06 09:13:00,88.16,46.4
2021-06-06 09:43:00,92.12,42.9
2021-06-06 10:13:00,95.36,39.8
2021-06-06 10:43:00,92.66,40.6
2021-06-06 11:13:00,96.44,38.4
2021-06-06 11:43:00,100.8,34.9
2021-06-06 12:13:00,94.82,38.1
2021-06-06 12:43:00,91.04,41.2
2021-06-06 13:13:00,87.98,43.9
2021-06-06 13:43:00,83.3,49.2
2021-06-06 14:13:00,83.48,50
2021-06-06 14:43:00,81.86,51.7
2021-06-06 15:13:00,83.48,51.6
2021-06-06 15:43:00,88.88,46.1
2021-06-06 16:13:00,88.7,45.6
2021-06-06 16:43:00,87.08,46.5
2021-06-06 17:13:00,84.56,48.9
2021-06-06 17:43:00,83.12,50.8
2021-06-06 18:13:00,81.32,52.6
2021-06-06 18:43:00,78.98,55.4
2021-06-06 19:13:00,77.36,58
2021-06-06 19:43:00,75.92,60.3
2021-06-06 20:13:00,75.02,61.7
2021-06-06 20:43:00,73.94,62.9
2021-06-06 21:13:00,73.04,64.3
2021-06-06 21:43:00,72.32,65.7
2021-06-06 22:13:00,71.78,66.6
2021-06-06 22:43:00,71.06,67.4
2021-06-06 23:13:00,70.34,68.2
2021-06-06 23:43:00,69.98,69
2021-06-07 00:13:00,69.98,69.3
2021-06-07 00:43:00,69.08,70
2021-06-07 01:13:00,68.72,70.7
2021-06-07 01:43:00,68.18,71.4
2021-06-07 02:13:00,68,71.9
2021-06-07 02:43:00,67.64,72.6
2021-06-07 03:13:00,67.46,72.8
2021-06-07 03:43:00,66.92,73.3
2021-06-07 04:13:00,66.38,73.6
2021-06-07 04:43:00,65.48,73.7
2021-06-07 05:13:00,64.94,74
2021-06-07 05:43:00,64.58,74.1
2021-06-07 06:13:00,64.94,74.6
2021-06-07 06:43:00,66.92,73.1
2021-06-07 07:13:00,70.88,68.7
2021-06-07 07:43:00,75.56,62.7
2021-06-07 08:13:00,79.52,59.1
2021-06-07 08:43:00,83.12,55.2
2021-06-07 09:13:00,88.88,49.2
2021-06-07 09:43:00,85.64,49.4
2021-06-07 10:13:00,89.78,46
2021-06-07 10:43:00,90.68,44
2021-06-07 11:13:00,86.54,46.7
2021-06-07 11:43:00,86.36,47.3
2021-06-07 12:13:00,86.72,47.5
2021-06-07 12:43:00,89.96,46.3
2021-06-07 13:13:00,90.86,44.1
2021-06-07 13:43:00,87.98,46.2
2021-06-07 14:13:00,87.44,47.3
2021-06-07 14:43:00,92.84,43
2021-06-07 15:13:00,93.38,42.4
2021-06-07 15:43:00,93.2,42.4
2021-06-07 16:13:00,92.84,43
2021-06-07 16:43:00,91.94,43.4
2021-06-07 17:13:00,88.16,46.8
2021-06-07 17:43:00,86.18,48.7
2021-06-07 18:13:00,83.48,51.9
2021-06-07 18:43:00,81.86,53.7
2021-06-07 19:13:00,79.16,56.8
2021-06-07 19:43:00,77,60.2
2021-06-07 20:13:00,75.56,62.3
2021-06-07 20:43:00,74.48,63.9
2021-06-07 21:13:00,73.76,65
2021-06-07 21:43:00,74.48,64.7
2021-06-07 22:13:00,73.22,66.3
2021-06-07 22:43:00,72.5,67.1
2021-06-07 23:13:00,71.78,68.2
2021-06-07 23:43:00,71.78,68.7
2021-06-08 00:13:00,71.6,68.6
2021-06-08 00:43:00,70.7,69.9
2021-06-08 01:13:00,69.98,70.9
2021-06-08 01:43:00,69.08,71.6
2021-06-08 02:13:00,68.72,72.2
2021-06-08 02:43:00,69.08,72
2021-06-08 03:13:00,68.72,72.1
2021-06-08 03:43:00,68,72.8
2021-06-08 04:13:00,67.46,73.4
2021-06-08 04:43:00,66.74,73.9
2021-06-08 05:13:00,66.56,74.4
2021-06-08 05:43:00,65.66,74.5
2021-06-08 06:13:00,65.12,74.7
2021-06-08 06:43:00,68,73.3
2021-06-08 07:13:00,72.32,68.6
2021-06-08 07:43:00,76.64,62.7
2021-06-08 08:13:00,82.04,57
2021-06-08 08:43:00,83.66,53.3
2021-06-08 09:13:00,86.18,51
2021-06-08 09:43:00,90.68,45.8
2021-06-08 10:13:00,94.1,41.3
2021-06-08 10:43:00,92.48,40.4
2021-06-08 11:13:00,94.82,40
2021-06-08 11:43:00,96.26,38.6
2021-06-08 12:13:00,90.68,42.2
2021-06-08 12:43:00,90.5,42.2
2021-06-08 13:13:00,91.94,41.1
2021-06-08 13:43:00,96.44,37.6
2021-06-08 14:13:00,97.52,36.8
2021-06-08 14:43:00,93.56,38.8
2021-06-08 15:13:00,90.5,41.4
2021-06-08 15:43:00,91.22,41.9
2021-06-08 16:13:00,91.04,42.2
2021-06-08 16:43:00,90.5,42.8
2021-06-08 17:13:00,89.24,43.5
2021-06-08 17:43:00,86.9,45.8
2021-06-08 18:13:00,84.2,48.6
2021-06-08 18:43:00,82.76,50.4
2021-06-08 19:13:00,80.42,53
2021-06-08 19:43:00,78.26,56
2021-06-08 20:13:00,76.82,58.2
2021-06-08 20:43:00,76.1,59.6
2021-06-08 21:13:00,75.02,61.1
2021-06-08 21:43:00,73.94,62.4
2021-06-08 22:13:00,73.22,63.9
2021-06-08 22:43:00,72.68,64.9
2021-06-08 23:13:00,72.32,65
2021-06-08 23:43:00,71.42,66.7
2021-06-09 00:13:00,71.06,67.1
2021-06-09 00:43:00,70.52,67.8
2021-06-09 01:13:00,69.8,68.9
2021-06-09 01:43:00,69.8,69.4
2021-06-09 02:13:00,69.62,70
2021-06-09 02:43:00,69.08,70.7
2021-06-09 03:13:00,68.9,71.3
2021-06-09 03:43:00,68,71.8
2021-06-09 04:13:00,67.64,72.7
2021-06-09 04:43:00,67.64,72.8
2021-06-09 05:13:00,67.1,73.1
2021-06-09 05:43:00,66.56,73.6
2021-06-09 06:13:00,66.92,73.7
2021-06-09 06:43:00,69.8,70.8
2021-06-09 07:13:00,73.58,66.3
2021-06-09 07:43:00,77.54,61.1
2021-06-09 08:13:00,78.98,57.8
2021-06-09 08:43:00,78.26,57.4
2021-06-09 09:13:00,83.66,52.8
2021-06-09 09:43:00,87.26,47.4
2021-06-09 10:13:00,86.72,45.6
2021-06-09 10:43:00,85.64,46.3
2021-06-09 11:13:00,88.16,44.3
2021-06-09 11:43:00,87.26,44.5
2021-06-09 12:13:00,89.96,43
2021-06-09 12:43:00,90.86,42.5
2021-06-09 13:13:00,91.04,41.1
2021-06-09 13:43:00,88.7,43
2021-06-09 14:13:00,91.22,41.3
2021-06-09 14:43:00,92.48,41
2021-06-09 15:13:00,92.12,41.5
2021-06-09 15:43:00,91.4,42.8
2021-06-09 16:13:00,89.96,43.5
2021-06-09 16:43:00,88.16,44.9
2021-06-09 17:13:00,86.9,46
2021-06-09 17:43:00,85.46,47.5
2021-06-09 18:13:00,83.84,49.1
2021-06-09 18:43:00,81.68,51.2
2021-06-09 19:13:00,78.98,54.2
2021-06-09 19:43:00,77.72,56.1
2021-06-09 20:13:00,76.28,58.3
2021-06-09 20:43:00,75.02,60.5
2021-06-09 21:13:00,73.94,62
2021-06-09 21:43:00,73.04,63.7
2021-06-09 22:13:00,72.5,65
2021-06-09 22:43:00,71.78,66.4
2021-06-09 23:13:00,71.24,67.6
2021-06-09 23:43:00,70.88,68.4
2021-06-10 00:13:00,70.34,69
2021-06-10 00:43:00,69.98,69.7
2021-06-10 01:13:00,69.62,70.3
2021-06-10 01:43:00,69.44,70.3
2021-06-10 02:13:00,68.9,71
2021-06-10 02:43:00,67.82,71.6
2021-06-10 03:13:00,67.46,72.5
2021-06-10 03:43:00,66.74,72.8
2021-06-10 04:13:00,66.02,73
2021-06-10 04:43:00,66.74,73.7
2021-06-10 05:13:00,67.46,73.5
2021-06-10 05:43:00,67.1,73.9
2021-06-10 06:13:00,66.92,74.4
2021-06-10 06:43:00,68.54,73.3
2021-06-10 07:13:00,72.14,69.5
2021-06-10 07:43:00,76.82,63.9
2021-06-10 08:13:00,79.7,59.7
2021-06-10 08:43:00,83.3,54.5
2021-06-10 09:13:00,87.62,50.1
2021-06-10 09:43:00,90.68,47.1
2021-06-10 10:13:00,92.12,44.8
2021-06-10 10:43:00,89.06,45.3
2021-06-10 11:13:00,91.58,44.2
2021-06-10 11:43:00,93.74,41.6
2021-06-10 12:13:00,95.54,39.2
2021-06-10 12:43:00,97.7,37
2021-06-10 13:13:00,99.14,36.5
2021-06-10 13:43:00,99.14,36.2
2021-06-10 14:13:00,98.96,35.8
2021-06-10 14:43:00,98.24,36.3
2021-06-10 15:13:00,97.7,36.7
2021-06-10 15:43:00,97.16,37.3
2021-06-10 16:13:00,94.82,38.5
2021-06-10 16:43:00,92.3,40.6
2021-06-10 17:13:00,90.32,42.1
2021-06-10 17:43:00,87.62,43.7
2021-06-10 18:13:00,84.92,45.8
2021-06-10 18:43:00,82.4,48.4
2021-06-10 19:13:00,79.7,51.3
2021-06-10 19:43:00,77.54,54.1
2021-06-10 20:13:00,76.1,56.3
2021-06-10 20:43:00,75.02,58.1
2021-06-10 21:13:00,73.94,59.7
2021-06-10 21:43:00,73.22,61
2021-06-10 22:13:00,72.68,61.6
2021-06-10 22:43:00,71.78,62.7
2021-06-10 23:13:00,71.24,63.8
2021-06-10 23:43:00,70.88,65
2021-06-11 00:13:00,70.34,65.9
2021-06-11 00:43:00,69.8,66.6
2021-06-11 01:13:00,69.08,67.8
2021-06-11 01:43:00,68.18,68.6
2021-06-11 02:13:00,67.46,69.3
2021-06-11 02:43:00,66.74,69.9
2021-06-11 03:13:00,66.38,70.4
2021-06-11 03:43:00,66.02,70.8
2021-06-11 04:13:00,66.38,71.1
2021-06-11 04:43:00,66.56,71.3
2021-06-11 05:13:00,66.74,71.3
2021-06-11 05:43:00,66.38,72
2021-06-11 06:13:00,66.02,72.4
2021-06-11 06:43:00,67.64,70.5
2021-06-11 07:13:00,71.6,66.8
2021-06-11 07:43:00,76.46,61.1
2021-06-11 08:13:00,80.42,56
2021-06-11 08:43:00,87.26,49
2021-06-11 09:13:00,89.06,46.5
2021-06-11 09:43:00,94.82,41.6
2021-06-11 10:13:00,96.98,38.8
2021-06-11 10:43:00,91.76,42.3
2021-06-11 11:13:00,95.54,39.6
2021-06-11 11:43:00,91.76,42.6
2021-06-11 12:13:00,90.32,44
2021-06-11 12:43:00,90.68,43.9
2021-06-11 13:13:00,89.96,44.3
2021-06-11 13:43:00,88.7,45.5
2021-06-11 14:13:00,93.02,42.7
2021-06-11 14:43:00,95.9,39.7
2021-06-11 15:13:00,96.26,39.1
2021-06-11 15:43:00,95.9,39.1
2021-06-11 16:13:00,94.64,40.2
2021-06-11 16:43:00,93.02,41.4
2021-06-11 17:13:00,91.76,42.6
2021-06-11 17:43:00,89.42,44.3
2021-06-11 18:13:00,86.18,47.5
2021-06-11 18:43:00,83.48,50.8
2021-06-11 19:13:00,80.42,54.2
2021-06-11 19:43:00,78.26,57.2
2021-06-11 20:13:00,76.82,59.3
2021-06-11 20:43:00,75.56,61.3
2021-06-11 21:13:00,74.66,62.6
2021-06-11 21:43:00,73.76,63.8
2021-06-11 22:13:00,73.04,65.2
2021-06-11 22:43:00,72.32,66.6
2021-06-11 23:13:00,71.6,67.7
2021-06-11 23:43:00,70.88,68.9
2021-06-12 00:13:00,70.34,69.5
2021-06-12 00:43:00,70.16,70.1
2021-06-12 01:13:00,70.16,70.3
2021-06-12 01:43:00,70.34,70
2021-06-12 02:13:00,70.16,70.1
2021-06-12 02:43:00,70.34,69.8
2021-06-12 03:13:00,70.34,69.8
2021-06-12 03:43:00,70.7,69.8
2021-06-12 04:13:00,70.52,69.7
2021-06-12 04:43:00,69.62,70.6
2021-06-12 05:13:00,69.44,71.3
2021-06-12 05:43:00,69.62,71.3
2021-06-12 06:13:00,69.98,71.3
2021-06-12 06:43:00,70.34,71
2021-06-12 07:13:00,71.78,69.8
2021-06-12 07:43:00,74.12,67
2021-06-12 08:13:00,76.46,64
2021-06-12 08:43:00,77.72,62.5
2021-06-12 09:13:00,83.12,55.3
2021-06-12 09:43:00,87.26,49.7
2021-06-12 10:13:00,91.04,44.9
2021-06-12 10:43:00,93.56,41
2021-06-12 11:13:00,96.08,37.8
2021-06-12 11:43:00,98.06,35.3
2021-06-12 12:13:00,99.86,33.8
2021-06-12 12:43:00,101.3,32.2
2021-06-12 13:13:00,101.5,31.1
2021-06-12 13:43:00,100.9,30.6
2021-06-12 14:13:00,100.2,30.9
2021-06-12 14:43:00,98.96,31.6
2021-06-12 15:13:00,97.52,32.4
2021-06-12 15:43:00,96.08,33.7
2021-06-12 16:13:00,94.46,35.1
2021-06-12 16:43:00,92.12,37.1
2021-06-12 17:13:00,89.96,38.9
2021-06-12 17:43:00,87.26,41.1
2021-06-12 18:13:00,84.56,44.1
2021-06-12 18:43:00,82.22,46.8
2021-06-12 19:13:00,79.52,50
2021-06-12 19:43:00,77.54,52.9
2021-06-12 20:13:00,76.28,55.1
2021-06-12 20:43:00,75.2,56.8
2021-06-12 21:13:00,74.12,58.5
2021-06-12 21:43:00,73.22,60
2021-06-12 22:13:00,72.68,61
2021-06-12 22:43:00,71.96,61.9
2021-06-12 23:13:00,71.24,63
2021-06-12 23:43:00,70.52,64.2
2021-06-13 00:13:00,69.98,64.7
2021-06-13 00:43:00,69.44,65.7
2021-06-13 01:13:00,69.08,65.9
2021-06-13 01:43:00,68.72,66.6
2021-06-13 02:13:00,68.18,67
2021-06-13 02:43:00,67.64,67.9
2021-06-13 03:13:00,67.28,68.3
2021-06-13 03:43:00,66.38,68.9
2021-06-13 04:13:00,65.84,69.6
2021-06-13 04:43:00,65.12,70
2021-06-13 05:13:00,64.58,70.3
2021-06-13 05:43:00,64.04,70.7
2021-06-13 06:13:00,64.58,71.2
2021-06-13 06:43:00,66.92,68.7
2021-06-13 07:13:00,71.24,63.7
2021-06-13 07:43:00,76.64,57.9
2021-06-13 08:13:00,79.16,54.2
2021-06-13 08:43:00,82.58,49.5
2021-06-13 09:13:00,84.38,48.3
2021-06-13 09:43:00,87.26,44.8
2021-06-13 10:13:00,85.28,47.6
2021-06-13 10:43:00,91.94,42.3
2021-06-13 11:13:00,97.34,38.1
2021-06-13 11:43:00,92.66,40.2
2021-06-13 12:13:00,89.78,42.8
2021-06-13 12:43:00,92.66,41.8
2021-06-13 13:13:00,93.92,39.9
2021-06-13 13:43:00,94.82,40.2
2021-06-13 14:13:00,93.56,39.5
2021-06-13 14:43:00,93.38,40.8
2021-06-13 15:13:00,94.46,39.6
2021-06-13 15:43:00,94.64,39.5
2021-06-13 16:13:00,92.84,40.7
2021-06-13 16:43:00,90.86,42.3
2021-06-13 17:13:00,88.88,44
2021-06-13 17:43:00,86.36,46.1
2021-06-13 18:13:00,84.38,48.4
2021-06-13 18:43:00,81.14,52
2021-06-13 19:13:00,79.88,53.6
2021-06-13 19:43:00,78.8,55.1
2021-06-13 20:13:00,77.36,56.9
2021-06-13 20:43:00,75.92,59
2021-06-13 21:13:00,74.48,61
2021-06-13 21:43:00,73.76,62.3
2021-06-13 22:13:00,73.22,63.4
2021-06-13 22:43:00,72.68,64.8
2021-06-13 23:13:00,73.04,64.4
2021-06-13 23:43:00,72.68,64.9
2021-06-14 00:13:00,72.32,65.4
2021-06-14 00:43:00,71.24,66.8
2021-06-14 01:13:00,70.88,67.3
2021-06-14 01:43:00,70.34,68.3
2021-06-14 02:13:00,69.8,69.1
2021-06-14 02:43:00,69.26,69.9
2021-06-14 03:13:00,69.44,70.8
2021-06-14 03:43:00,69.44,71.8
2021-06-14 04:13:00,69.44,72.3
2021-06-14 04:43:00,69.08,73.2
2021-06-14 05:13:00,68.72,73.7
2021-06-14 05:43:00,68.54,74
2021-06-14 06:13:00,68.54,74.3
2021-06-14 06:43:00,69.08,73.9
2021-06-14 07:13:00,72.14,70.3
2021-06-14 07:43:00,74.84,66.2
2021-06-14 08:13:00,77.9,61.7
2021-06-14 08:43:00,82.22,56.2
2021-06-14 09:13:00,84.56,51.4
2021-06-14 09:43:00,89.24,45.8
2021-06-14 10:13:00,92.48,41.8
2021-06-14 10:43:00,95,38.9
2021-06-14 11:13:00,94.82,37.9
2021-06-14 11:43:00,96.26,36.8
2021-06-14 12:13:00,98.96,34.9
2021-06-14 12:43:00,94.46,36.7
2021-06-14 13:13:00,97.34,35
2021-06-14 13:43:00,98.78,34.1
2021-06-14 14:13:00,93.56,36.8
2021-06-14 14:43:00,91.4,38.6
2021-06-14 15:13:00,90.86,39.1
2021-06-14 15:43:00,94.1,36.9
2021-06-14 16:13:00,94.28,36.6
2021-06-14 16:43:00,93.56,37.2
2021-06-14 17:13:00,89.42,40.1
2021-06-14 17:43:00,86.72,42.7
2021-06-14 18:13:00,83.66,45.9
2021-06-14 18:43:00,80.96,49.3
2021-06-14 19:13:00,78.98,52
2021-06-14 19:43:00,77.18,54.4
2021-06-14 20:13:00,76.1,56.4
2021-06-14 20:43:00,74.84,58.3
2021-06-14 21:13:00,73.94,59.8
2021-06-14 21:43:00,73.04,60.9
2021-06-14 22:13:00,72.5,62.2
2021-06-14 22:43:00,71.96,63.3
2021-06-14 23:13:00,71.6,64.3
2021-06-14 23:43:00,71.06,65.3
2021-06-15 00:13:00,70.7,66.1
2021-06-15 00:43:00,69.98,67.2
2021-06-15 01:13:00,69.8,68
2021-06-15 01:43:00,69.26,68.7
2021-06-15 02:13:00,68.9,69.6
2021-06-15 02:43:00,68.18,70.1
2021-06-15 03:13:00,67.46,70.7
2021-06-15 03:43:00,67.28,71.2
2021-06-15 04:13:00,67.1,71.4
2021-06-15 04:43:00,67.28,71.5
2021-06-15 05:13:00,67.1,72
2021-06-15 05:43:00,66.74,72.2
2021-06-15 06:13:00,66.74,72.6
2021-06-15 06:43:00,67.28,72
2021-06-15 07:13:00,70.88,68.3
2021-06-15 07:43:00,75.92,61.8
2021-06-15 08:13:00,82.22,54.5
2021-06-15 08:43:00,85.28,50.3
2021-06-15 09:13:00,87.8,46.9
2021-06-15 09:43:00,91.58,43.1
2021-06-15 10:13:00,88.88,44.2
2021-06-15 10:43:00,86.54,47.1
2021-06-15 11:13:00,89.06,44.3
2021-06-15 11:43:00,90.14,44.1
2021-06-15 12:13:00,89.42,43.5
2021-06-15 12:43:00,91.58,40.2
2021-06-15 13:13:00,91.04,40.2
2021-06-15 13:43:00,88.34,42.6
2021-06-15 14:13:00,88.52,43.1
2021-06-15 14:43:00,87.08,44
2021-06-15 15:13:00,87.26,44.1
2021-06-15 15:43:00,87.08,44.6
2021-06-15 16:13:00,86,45.7
2021-06-15 16:43:00,85.46,46.2
2021-06-15 17:13:00,85.1,46.8
2021-06-15 17:43:00,84.74,46.8
2021-06-15 18:13:00,83.12,48.4
2021-06-15 18:43:00,80.78,51.8
2021-06-15 19:13:00,78.98,54.1
2021-06-15 19:43:00,77.18,56.7
2021-06-15 20:13:00,76.1,58.8
2021-06-15 20:43:00,75.92,59.5
2021-06-15 21:13:00,75.02,61
2021-06-15 21:43:00,73.58,63.1
2021-06-15 22:13:00,72.5,64.7
2021-06-15 22:43:00,71.78,66
2021-06-15 23:13:00,71.42,67.2
2021-06-15 23:43:00,71.06,68
2021-06-16 00:13:00,70.88,69
2021-06-16 00:43:00,70.34,69.6
2021-06-16 01:13:00,69.98,70.4
2021-06-16 01:43:00,69.62,70.8
2021-06-16 02:13:00,69.26,71.3
2021-06-16 02:43:00,68.72,72.2
2021-06-16 03:13:00,68.18,72.7
2021-06-16 03:43:00,68,73.1
2021-06-16 04:13:00,68.18,73
2021-06-16 04:43:00,67.82,73.2
2021-06-16 05:13:00,66.92,73.9
2021-06-16 05:43:00,66.2,74.3
2021-06-16 06:13:00,65.66,74.6
2021-06-16 06:43:00,67.82,72.9
2021-06-16 07:13:00,72.32,68.6
2021-06-16 07:43:00,76.28,62.8
2021-06-16 08:13:00,81.86,57
2021-06-16 08:43:00,87.26,50.3
2021-06-16 09:13:00,91.94,45
2021-06-16 09:43:00,88.52,44.7
2021-06-16 10:13:00,87.62,46.2
2021-06-16 10:43:00,88.7,44.7
2021-06-16 11:13:00,95.72,38.8
2021-06-16 11:43:00,100,34.8
2021-06-16 12:13:00,102.6,32.2
2021-06-16 12:43:00,100.6,32.2
2021-06-16 13:13:00,94.82,36.3
2021-06-16 13:43:00,93.02,38.1
2021-06-16 14:13:00,90.32,40.6
2021-06-16 14:43:00,89.06,43.5
2021-06-16 15:13:00,93.92,39.7
2021-06-16 15:43:00,91.76,41.4
2021-06-16 16:13:00,93.56,40.6
2021-06-16 16:43:00,94.1,40.4
2021-06-16 17:13:00,92.84,40.9
2021-06-16 17:43:00,89.06,44.2
2021-06-16 18:13:00,86.36,47.2
2021-06-16 18:43:00,83.66,50.1
2021-06-16 19:13:00,81.86,52.3
2021-06-16 19:43:00,80.42,54.2
2021-06-16 20:13:00,78.62,56.6
2021-06-16 20:43:00,76.82,59.2
2021-06-16 21:13:00,76.28,60.5
2021-06-16 21:43:00,75.38,61.6
2021-06-16 22:13:00,74.3,63.4
2021-06-16 22:43:00,73.58,64.7
2021-06-16 23:13:00,72.86,65.9
2021-06-16 23:43:00,72.14,66.7
2021-06-17 00:13:00,71.42,67.5
2021-06-17 00:43:00,70.88,68.3
2021-06-17 01:13:00,70.88,68.1
2021-06-17 01:43:00,70.52,69.1
2021-06-17 02:13:00,70.16,69.7
2021-06-17 02:43:00,69.8,70.5
2021-06-17 03:13:00,69.08,71.2
2021-06-17 03:43:00,68.18,71.7
2021-06-17 04:13:00,67.64,72.2
2021-06-17 04:43:00,67.28,72.7
2021-06-17 05:13:00,66.92,73
2021-06-17 05:43:00,66.92,73.5
2021-06-17 06:13:00,66.38,73.6
2021-06-17 06:43:00,68.54,71.9
2021-06-17 07:13:00,72.86,66.8
2021-06-17 07:43:00,77.72,61.9
2021-06-17 08:13:00,83.84,55.6
2021-06-17 08:43:00,82.76,56.3
2021-06-17 09:13:00,85.46,53.8
2021-06-17 09:43:00,88.16,50.6
2021-06-17 10:13:00,85.46,52.1
2021-06-17 10:43:00,84.38,53.4
2021-06-17 11:13:00,82.58,55.8
2021-06-17 11:43:00,84.38,54.9
2021-06-17 12:13:00,84.2,54.2
2021-06-17 12:43:00,80.6,59.2
2021-06-17 13:13:00,82.04,58.8
2021-06-17 13:43:00,88.52,53
2021-06-17 14:13:00,93.38,46.8
2021-06-17 14:43:00,90.32,46.7
2021-06-17 15:13:00,87.44,48.8
2021-06-17 15:43:00,86.18,51.1
2021-06-17 16:13:00,87.62,49.8
2021-06-17 16:43:00,87.08,50.1
2021-06-17 17:13:00,84.92,52.3
2021-06-17 17:43:00,83.66,53.9
2021-06-17 18:13:00,82.22,55.5
2021-06-17 18:43:00,80.78,57.2
2021-06-17 19:13:00,78.26,59.7
2021-06-17 19:43:00,76.46,62.4
2021-06-17 20:13:00,75.2,64.4
2021-06-17 20:43:00,74.3,65.7
2021-06-17 21:13:00,73.76,66.4
2021-06-17 21:43:00,73.4,67.1
2021-06-17 22:13:00,72.68,67.9
2021-06-17 22:43:00,71.78,69.1
2021-06-17 23:13:00,71.24,70.1
2021-06-17 23:43:00,71.24,70.5
2021-06-18 00:13:00,71.06,70.8
2021-06-18 00:43:00,70.88,71.5
2021-06-18 01:13:00,70.52,71.8
2021-06-18 01:43:00,70.16,72.4
2021-06-18 02:13:00,69.98,73.3
2021-06-18 02:43:00,69.62,74
2021-06-18 03:13:00,69.08,74.7
2021-06-18 03:43:00,68.9,75.2
2021-06-18 04:13:00,68.54,75.3
2021-06-18 04:43:00,68.18,75.7
2021-06-18 05:13:00,68,76
2021-06-18 05:43:00,67.46,76.4
2021-06-18 06:13:00,67.82,76.5
2021-06-18 06:43:00,70.34,74
2021-06-18 07:13:00,73.58,69.6
2021-06-18 07:43:00,76.82,65.3
2021-06-18 08:13:00,81.5,58.9
2021-06-18 08:43:00,84.56,55.3
2021-06-18 09:13:00,88.34,50.4
2021-06-18 09:43:00,87.44,49.3
2021-06-18 10:13:00,86.54,48.7
2021-06-18 10:43:00,89.06,45.9
2021-06-18 11:13:00,88.7,45.9
2021-06-18 11:43:00,89.24,45.6
2021-06-18 12:13:00,88.34,45.6
2021-06-18 12:43:00,87.08,46.5
2021-06-18 13:13:00,85.1,48.9
2021-06-18 13:43:00,84.74,49.9
2021-06-18 14:13:00,85.64,49
2021-06-18 14:43:00,85.46,49.6
2021-06-18 15:13:00,88.88,46.9
2021-06-18 15:43:00,87.26,47.9
2021-06-18 16:13:00,89.78,46.1
2021-06-18 16:43:00,90.5,45
2021-06-18 17:13:00,88.7,45.8
2021-06-18 17:43:00,86.18,48.1
2021-06-18 18:13:00,83.66,50.6
2021-06-18 18:43:00,81.14,53.4
2021-06-18 19:13:00,78.44,56.6
2021-06-18 19:43:00,76.46,59.4
2021-06-18 20:13:00,75.2,61.3
2021-06-18 20:43:00,74.12,62.9
2021-06-18 21:13:00,73.22,64.2
2021-06-18 21:43:00,72.32,65.6
2021-06-18 22:13:00,71.78,66.5
2021-06-18 22:43:00,71.96,66.6
2021-06-18 23:13:00,71.24,68
2021-06-18 23:43:00,70.7,69.2
2021-06-19 00:13:00,70.16,70.2
2021-06-19 00:43:00,69.98,70.6
2021-06-19 01:13:00,69.62,70.9
2021-06-19 01:43:00,69.44,71.4
2021-06-19 02:13:00,69.08,72.1
2021-06-19 02:43:00,68.54,72.7
2021-06-19 03:13:00,68.18,73.3
2021-06-19 03:43:00,67.64,73.7
2021-06-19 04:13:00,67.28,74.2
2021-06-19 04:43:00,67.28,74.4
2021-06-19 05:13:00,67.28,74.4
2021-06-19 05:43:00,66.74,74.8
2021-06-19 06:13:00,66.56,75
2021-06-19 06:43:00,68.54,73.6
2021-06-19 07:13:00,72.68,68.9
2021-06-19 07:43:00,76.46,64.2
2021-06-19 08:13:00,79.88,58.8
2021-06-19 08:43:00,79.88,58
2021-06-19 09:13:00,82.94,53.9
2021-06-19 09:43:00,80.78,55.4
2021-06-19 10:13:00,79.52,57.7
2021-06-19 10:43:00,78.98,57.7
2021-06-19 11:13:00,77.54,60.6
2021-06-19 11:43:00,78.44,60.2
2021-06-19 12:13:00,84.74,54.8
2021-06-19 12:43:00,89.06,48.4
2021-06-19 13:13:00,87.44,50.1
2021-06-19 13:43:00,91.4,47.1
2021-06-19 14:13:00,96.44,41.8
2021-06-19 14:43:00,97.88,40.5
2021-06-19 15:13:00,98.78,38.6
2021-06-19 15:43:00,97.88,39.4
2021-06-19 16:13:00,95.9,40.2
2021-06-19 16:43:00,93.56,41.8
2021-06-19 17:13:00,90.86,43.7
2021-06-19 17:43:00,88.34,45.3
2021-06-19 18:13:00,85.28,48.1
2021-06-19 18:43:00,82.76,50.8
2021-06-19 19:13:00,79.88,54
2021-06-19 19:43:00,77.54,56.7
2021-06-19 20:13:00,76.1,58.9
2021-06-19 20:43:00,74.84,60.8
2021-06-19 21:13:00,73.94,62.3
2021-06-19 21:43:00,73.04,63.6
2021-06-19 22:13:00,72.68,64.4
2021-06-19 22:43:00,71.96,65.1
2021-06-19 23:13:00,71.78,65.5
2021-06-19 23:43:00,71.24,66.1
2021-06-20 00:13:00,71.24,66.5
2021-06-20 00:43:00,70.88,66.9
2021-06-20 01:13:00,69.98,68.3
2021-06-20 01:43:00,69.08,69.1
2021-06-20 02:13:00,68.72,69.8
2021-06-20 02:43:00,68.18,70.5
2021-06-20 03:13:00,67.64,71.2
2021-06-20 03:43:00,67.28,71.7
2021-06-20 04:13:00,67.28,71.8
2021-06-20 04:43:00,67.28,71.6
2021-06-20 05:13:00,66.74,72.5
2021-06-20 05:43:00,66.38,73.2
2021-06-20 06:13:00,66.56,73.4
2021-06-20 06:43:00,68,72
2021-06-20 07:13:00,71.78,68.2
2021-06-20 07:43:00,76.82,62
2021-06-20 08:13:00,77.72,58.9
2021-06-20 08:43:00,86.54,50.2
2021-06-20 09:13:00,89.96,46.1
2021-06-20 09:43:00,93.56,42.6
2021-06-20 10:13:00,96.8,39.4
2021-06-20 10:43:00,99.5,37.2
2021-06-20 11:13:00,98.6,37.4
2021-06-20 11:43:00,99.32,36.8
2021-06-20 12:13:00,100.8,35.7
2021-06-20 12:43:00,102.4,34.3
2021-06-20 13:13:00,98.78,35.9
2021-06-20 13:43:00,98.6,36.8
2021-06-20 14:13:00,100.2,36.1
2021-06-20 14:43:00,98.96,35.6
2021-06-20 15:13:00,98.24,36.5
2021-06-20 15:43:00,96.8,37.2
2021-06-20 16:13:00,94.1,39.1
2021-06-20 16:43:00,91.22,41
2021-06-20 17:13:00,86.36,46.1
2021-06-20 17:43:00,83.3,50.8
2021-06-20 18:13:00,81.86,53.4
2021-06-20 18:43:00,81.68,54
2021-06-20 19:13:00,79.34,56.7
2021-06-20 19:43:00,77.54,59.2
2021-06-20 20:13:00,76.28,61.1
2021-06-20 20:43:00,75.38,62.3
2021-06-20 21:13:00,74.84,63
2021-06-20 21:43:00,73.76,64.5
2021-06-20 22:13:00,73.04,65.7
2021-06-20 22:43:00,73.22,65.5
2021-06-20 23:13:00,72.86,66
2021-06-20 23:43:00,71.78,67.5
2021-06-21 00:13:00,70.88,68.6
2021-06-21 00:43:00,70.34,69.7
2021-06-21 01:13:00,69.98,70.5
2021-06-21 01:43:00,69.62,71.6
2021-06-21 02:13:00,69.26,71.8
2021-06-21 02:43:00,68.72,72.6
2021-06-21 03:13:00,68,73.2
2021-06-21 03:43:00,67.28,73.4
2021-06-21 04:13:00,66.92,73.8
2021-06-21 04:43:00,66.38,73.9
2021-06-21 05:13:00,65.66,74.1
2021-06-21 05:43:00,64.94,74.1
2021-06-21 06:13:00,64.76,74.5
2021-06-21 06:43:00,66.92,73.6
2021-06-21 07:13:00,71.24,69.3
2021-06-21 07:43:00,76.1,64
2021-06-21 08:13:00,80.42,58.9
2021-06-21 08:43:00,87.44,51.9
2021-06-21 09:13:00,84.2,52.1
2021-06-21 09:43:00,80.96,56.2
2021-06-21 10:13:00,81.32,57
2021-06-21 10:43:00,82.76,56.1
2021-06-21 11:13:00,87.44,51.6
2021-06-21 11:43:00,86,50.9
2021-06-21 12:13:00,87.8,50
2021-06-21 12:43:00,85.82,50.9
2021-06-21 13:13:00,87.08,51
2021-06-21 13:43:00,87.08,48.8
2021-06-21 14:13:00,93.74,44.5
2021-06-21 14:43:00,95.18,42.1
2021-06-21 15:13:00,91.76,43.7
2021-06-21 15:43:00,93.74,42.7
2021-06-21 16:13:00,90.86,45
2021-06-21 16:43:00,87.08,48.4
2021-06-21 17:13:00,85.82,50.2
2021-06-21 17:43:00,83.66,52.6
2021-06-21 18:13:00,82.04,54.9
2021-06-21 18:43:00,80.42,56.9
2021-06-21 19:13:00,78.08,60
2021-06-21 19:43:00,76.46,62.4
2021-06-21 20:13:00,75.38,64.4
2021-06-21 20:43:00,74.48,65.9
2021-06-21 21:13:00,73.58,67.4
2021-06-21 21:43:00,73.04,68.5
2021-06-21 22:13:00,72.32,69.5
2021-06-21 22:43:00,71.78,70.4
2021-06-21 23:13:00,71.42,71.1
2021-06-21 23:43:00,71.06,71.7
2021-06-22 00:13:00,70.7,72.3
2021-06-22 00:43:00,70.16,72.9
2021-06-22 01:13:00,69.8,73.4
2021-06-22 01:43:00,69.26,73.9
2021-06-22 02:13:00,68.9,74.2
2021-06-22 02:43:00,68.72,74.5
2021-06-22 03:13:00,68.36,74.9
2021-06-22 03:43:00,68,75.3
2021-06-22 04:13:00,67.64,75.7
2021-06-22 04:43:00,67.46,76.1
2021-06-22 05:13:00,67.28,76.3
2021-06-22 05:43:00,67.1,76.5
2021-06-22 06:13:00,67.1,76.8
2021-06-22 06:43:00,68.72,75.5
2021-06-22 07:13:00,72.32,71
2021-06-22 07:43:00,75.74,66.9
2021-06-22 08:13:00,78.08,63.8
2021-06-22 08:43:00,84.56,56.5
2021-06-22 09:13:00,89.42,50.5
2021-06-22 09:43:00,93.02,44.8
2021-06-22 10:13:00,92.12,43.9
2021-06-22 10:43:00,90.5,45.1
2021-06-22 11:13:00,91.58,45.1
2021-06-22 11:43:00,92.12,43.6
2021-06-22 12:13:00,92.3,42.6
2021-06-22 12:43:00,87.62,35.3
2021-06-22 13:13:00,81.86,53.2
2021-06-22 13:43:00,80.42,58.8
2021-06-22 14:13:00,80.78,58.8
2021-06-22 14:43:00,81.68,55.7
2021-06-22 15:13:00,82.4,56.9
2021-06-22 15:43:00,83.84,55.3
2021-06-22 16:13:00,83.84,53.1
2021-06-22 16:43:00,81.68,55.3
2021-06-22 17:13:00,80.78,56.9
2021-06-22 17:43:00,79.16,58.3
2021-06-22 18:13:00,78.44,60.6
2021-06-22 18:43:00,78.98,61
2021-06-22 19:13:00,78.62,60.8
2021-06-22 19:43:00,78.8,60.9
2021-06-22 20:13:00,78.44,61.3
2021-06-22 20:43:00,78.08,61.3
2021-06-22 21:13:00,77.9,61.3
2021-06-22 21:43:00,77.36,61.3
2021-06-22 22:13:00,77,61.6
2021-06-22 22:43:00,76.64,62.1
2021-06-22 23:13:00,76.1,62.6
2021-06-22 23:43:00,75.74,63.3
2021-06-23 00:13:00,75.38,63.8
2021-06-23 00:43:00,74.84,64.2
2021-06-23 01:13:00,74.48,64.7
2021-06-23 01:43:00,74.12,65.3
2021-06-23 02:13:00,73.76,65.8
2021-06-23 02:43:00,73.4,66.3
2021-06-23 03:13:00,73.04,66.6
2021-06-23 03:43:00,72.68,66.8
2021-06-23 04:13:00,72.32,66.9
2021-06-23 04:43:00,71.78,66.9
2021-06-23 05:13:00,71.42,67.1
2021-06-23 05:43:00,71.06,67.3
2021-06-23 06:13:00,70.88,67.9
2021-06-23 06:43:00,70.34,67.7
2021-06-23 07:13:00,69.8,68
2021-06-23 07:43:00,68,62.9
2021-06-23 08:13:00,68.72,64.3
2021-06-23 08:43:00,68.9,63.5
2021-06-23 09:13:00,69.08,63.3
2021-06-23 09:43:00,78.98,66.4
2021-06-23 10:13:00,86.18,54.7
2021-06-23 10:43:00,89.24,51.3
2021-06-23 11:13:00,89.24,50
2021-06-23 11:43:00,87.44,52.6
2021-06-23 12:13:00,92.3,45.9
2021-06-23 12:43:00,86.18,54.2
2021-06-23 13:13:00,85.46,58.2
2021-06-23 13:43:00,85.1,56.9
2021-06-23 14:13:00,81.86,62.6
2021-06-23 14:43:00,83.66,60.1
2021-06-23 15:13:00,83.48,58.8
2021-06-23 15:43:00,84.2,52.8
2021-06-23 16:13:00,84.56,46.5
2021-06-23 16:43:00,84.74,42.5
2021-06-23 17:13:00,85.1,39.1
2021-06-23 17:43:00,85.28,38.3
2021-06-23 18:13:00,85.46,35
2021-06-23 18:43:00,85.82,36.5
2021-06-23 19:13:00,85.46,36.1
2021-06-23 19:43:00,84.92,39.1
2021-06-23 20:13:00,84.2,35.4
2021-06-23 20:43:00,83.66,34.3
2021-06-23 21:13:00,82.94,33.4
2021-06-23 21:43:00,82.4,32.6
2021-06-23 22:13:00,81.86,31.9
2021-06-23 22:43:00,81.32,31.1
2021-06-23 23:13:00,80.96,30.5
2021-06-23 23:43:00,80.42,29.9
2021-06-24 00:13:00,80.06,29.3
2021-06-24 00:43:00,79.7,28.8
2021-06-24 01:13:00,79.16,28.3
2021-06-24 01:43:00,78.98,27.8
2021-06-24 02:13:00,78.44,27.4
2021-06-24 02:43:00,78.08,27.1
2021-06-24 03:13:00,77.72,26.7
2021-06-24 03:43:00,77.36,26.4
2021-06-24 04:13:00,77.18,26
2021-06-24 04:43:00,76.64,25.7
2021-06-24 05:13:00,76.46,25.5
2021-06-24 05:43:00,76.28,25.2
2021-06-24 06:13:00,75.92,25
2021-06-24 06:43:00,75.74,24.7
2021-06-24 07:13:00,75.92,24.3
2021-06-24 07:43:00,76.28,23.9
2021-06-24 08:13:00,77.18,23.3
2021-06-24 08:43:00,78.08,22.7
2021-06-24 09:13:00,79.34,22
2021-06-24 09:43:00,80.6,21.4
2021-06-24 10:13:00,81.86,20.8
2021-06-24 10:43:00,82.94,20.5
2021-06-24 11:13:00,83.66,20.7
2021-06-24 11:43:00,84.56,20.7
2021-06-24 12:13:00,85.64,20.4
2021-06-24 12:43:00,86.9,20.3
2021-06-24 13:13:00,87.8,20.3
2021-06-24 13:43:00,88.34,20.4
2021-06-24 14:13:00,89.06,20.5
2021-06-24 14:43:00,89.42,20.6
2021-06-24 15:13:00,89.78,20.6
2021-06-24 15:43:00,90.14,20.8
2021-06-24 16:13:00,90.5,20.7
2021-06-24 16:43:00,90.68,21
2021-06-24 17:13:00,90.5,21.5
2021-06-24 17:43:00,90.32,21.9
2021-06-24 18:13:00,89.6,23.1
2021-06-24 18:43:00,88.88,23.7
2021-06-24 19:13:00,87.98,23.7
2021-06-24 19:43:00,87.08,24
2021-06-24 20:13:00,86.36,24.2
2021-06-24 20:43:00,85.64,24.4
2021-06-24 21:13:00,84.92,24.6
2021-06-24 21:43:00,84.2,24.7
2021-06-24 22:13:00,83.66,24.7
2021-06-24 22:43:00,82.94,24.8
2021-06-24 23:13:00,82.4,24.9
2021-06-24 23:43:00,81.86,24.9
2021-06-25 00:13:00,81.32,24.9
2021-06-25 00:43:00,80.78,24.9
2021-06-25 01:13:00,80.24,24.9
2021-06-25 01:43:00,79.7,24.9
2021-06-25 02:13:00,79.16,24.8
2021-06-25 02:43:00,78.8,24.8
2021-06-25 03:13:00,78.26,24.8
2021-06-25 03:43:00,77.9,24.7
2021-06-25 04:13:00,77.54,24.6
2021-06-25 04:43:00,77.18,24.6
2021-06-25 05:13:00,76.82,24.5
2021-06-25 05:43:00,76.46,24.5
2021-06-25 06:13:00,76.1,24.4
2021-06-25 06:43:00,75.92,24.3
2021-06-25 07:13:00,76.1,24
2021-06-25 07:43:00,76.46,23.6
2021-06-25 08:13:00,77.18,23.2
2021-06-25 08:43:00,78.26,22.7
2021-06-25 09:13:00,79.52,22
2021-06-25 09:43:00,80.78,21.4
2021-06-25 10:13:00,82.04,21
2021-06-25 10:43:00,83.3,20.6
2021-06-25 11:13:00,84.56,20.4
2021-06-25 11:43:00,85.82,20.4
2021-06-25 12:13:00,87.08,20.4
2021-06-25 12:43:00,88.16,20.5
2021-06-25 13:13:00,89.24,20.5
2021-06-25 13:43:00,90.14,20.6
2021-06-25 14:13:00,90.86,20.6
2021-06-25 14:43:00,91.58,20.8
2021-06-25 15:13:00,91.94,20.8
2021-06-25 15:43:00,92.3,20.8
2021-06-25 16:13:00,92.66,20.9
2021-06-25 16:43:00,92.66,21.3
2021-06-25 17:13:00,92.66,21.9
2021-06-25 17:43:00,92.3,22.3
2021-06-25 18:13:00,91.76,23.6
2021-06-25 18:43:00,91.22,24.4
2021-06-25 19:13:00,90.5,24.9
2021-06-25 19:43:00,89.42,25.1
2021-06-25 20:13:00,88.52,25.4
2021-06-25 20:43:00,87.98,25.6
2021-06-25 21:13:00,87.26,25.7
2021-06-25 21:43:00,86.72,25.9
2021-06-25 22:13:00,86,26
2021-06-25 22:43:00,85.46,26.1
2021-06-25 23:13:00,85.1,26.1
2021-06-25 23:43:00,84.56,26.1
2021-06-26 00:13:00,83.84,26.2
2021-06-26 00:43:00,83.3,26.2
2021-06-26 01:13:00,82.76,26.3
2021-06-26 01:43:00,82.22,26.3
2021-06-26 02:13:00,81.68,26.4
2021-06-26 02:43:00,81.14,26.4
2021-06-26 03:13:00,80.78,26.4
2021-06-26 03:43:00,80.24,26.4
2021-06-26 04:13:00,79.7,26.4
2021-06-26 04:43:00,79.16,26.3
2021-06-26 05:13:00,78.8,26.3
2021-06-26 05:43:00,78.44,26.3
2021-06-26 06:13:00,78.08,26.2
2021-06-26 06:43:00,77.72,26.1
2021-06-26 07:13:00,77.9,25.8
2021-06-26 07:43:00,78.08,25.5
2021-06-26 08:13:00,78.8,25
2021-06-26 08:43:00,79.88,24.4
2021-06-26 09:13:00,80.96,23.8
2021-06-26 09:43:00,82.4,23.1
2021-06-26 10:13:00,83.48,22.7
2021-06-26 10:43:00,84.02,22.6
2021-06-26 11:13:00,84.38,22.7
2021-06-26 11:43:00,85.28,22.5
2021-06-26 12:13:00,86.9,22.1
2021-06-26 12:43:00,88.34,21.9
2021-06-26 13:13:00,89.78,21.7
2021-06-26 13:43:00,91.22,21.5
2021-06-26 14:13:00,92.48,21.4
2021-06-26 14:43:00,93.2,21.6
2021-06-26 15:13:00,93.38,21.5
2021-06-26 15:43:00,93.02,21.8
2021-06-26 16:13:00,92.84,22
2021-06-26 16:43:00,93.2,22.2
2021-06-26 17:13:00,93.56,22.8
2021-06-26 17:43:00,93.38,23.6
2021-06-26 18:13:00,93.02,24.3
2021-06-26 18:43:00,92.48,25.4
2021-06-26 19:13:00,91.76,26
2021-06-26 19:43:00,90.68,26.3
2021-06-26 20:13:00,89.42,26.7
2021-06-26 20:43:00,88.52,27
2021-06-26 21:13:00,87.62,27.3
2021-06-26 21:43:00,86.9,27.5
2021-06-26 22:13:00,86.18,27.6
2021-06-26 22:43:00,85.46,27.8
2021-06-26 23:13:00,84.92,27.9
2021-06-26 23:43:00,84.2,27.9
2021-06-27 00:13:00,83.66,28
2021-06-27 00:43:00,83.12,28.1
2021-06-27 01:13:00,82.4,28.1
2021-06-27 01:43:00,81.86,28.1
2021-06-27 02:13:00,81.32,28.1
2021-06-27 02:43:00,80.96,28.1
2021-06-27 03:13:00,80.6,28
2021-06-27 03:43:00,80.24,27.9
2021-06-27 04:13:00,79.88,27.8
2021-06-27 04:43:00,79.52,27.7
2021-06-27 05:13:00,79.16,27.7
2021-06-27 05:43:00,78.8,27.6
2021-06-27 06:13:00,78.62,27.5
2021-06-27 06:43:00,78.62,27.3
2021-06-27 07:13:00,78.8,27
2021-06-27 07:43:00,79.16,26.6
2021-06-27 08:13:00,79.88,26.1
2021-06-27 08:43:00,80.78,25.5
2021-06-27 09:13:00,81.68,25
2021-06-27 09:43:00,82.94,24.3
2021-06-27 10:13:00,84.2,23.7
2021-06-27 10:43:00,85.28,23.4
2021-06-27 11:13:00,86.18,23.3
2021-06-27 11:43:00,87.44,23.1
2021-06-27 12:13:00,88.52,23
2021-06-27 12:43:00,89.24,23.1
2021-06-27 13:13:00,89.96,23
2021-06-27 13:43:00,90.86,22.9
2021-06-27 14:13:00,91.58,22.9
2021-06-27 14:43:00,91.76,22.8
2021-06-27 15:13:00,91.76,23
2021-06-27 15:43:00,91.94,23.3
2021-06-27 16:13:00,92.12,23.6
2021-06-27 16:43:00,92.12,23.9
2021-06-27 17:13:00,91.76,24.4
2021-06-27 17:43:00,91.58,25.3
2021-06-27 18:13:00,91.04,25.9
2021-06-27 18:43:00,90.14,26.4
2021-06-27 19:13:00,89.24,26.8
2021-06-27 19:43:00,88.34,27.2
2021-06-27 20:13:00,87.44,27.5
2021-06-27 20:43:00,86.72,27.7
2021-06-27 21:13:00,86.18,27.9
2021-06-27 21:43:00,85.64,28
2021-06-27 22:13:00,85.1,28.1
2021-06-27 22:43:00,84.56,28.3
2021-06-27 23:13:00,83.84,28.4
2021-06-27 23:43:00,83.3,28.5
2021-06-28 00:13:00,82.76,28.6
2021-06-28 00:43:00,82.22,28.6
2021-06-28 01:13:00,81.68,28.7
2021-06-28 01:43:00,81.32,28.7
2021-06-28 02:13:00,80.78,28.7
2021-06-28 02:43:00,80.42,28.7
2021-06-28 03:13:00,79.88,28.7
2021-06-28 03:43:00,79.52,28.6
2021-06-28 04:13:00,79.16,28.6
2021-06-28 04:43:00,78.8,28.6
2021-06-28 05:13:00,78.44,28.5
2021-06-28 05:43:00,78.08,28.5
2021-06-28 06:13:00,77.9,28.4
2021-06-28 06:43:00,77.54,28.3
2021-06-28 07:13:00,77.72,28
2021-06-28 07:43:00,78.08,27.6
2021-06-28 08:13:00,78.8,27.2
2021-06-28 08:43:00,79.7,26.6
2021-06-28 09:13:00,80.78,25.9
2021-06-28 09:43:00,81.86,25.3
2021-06-28 10:13:00,82.76,24.8
2021-06-28 10:43:00,83.66,24.4
2021-06-28 11:13:00,84.38,24.3
2021-06-28 11:43:00,85.28,24.2
2021-06-28 12:13:00,86,24.2
2021-06-28 12:43:00,86.9,23.9
2021-06-28 13:13:00,87.98,23.7
2021-06-28 13:43:00,88.88,23.6
2021-06-28 14:13:00,89.42,23.7
2021-06-28 14:43:00,89.96,23.8
2021-06-28 15:13:00,90.32,24
2021-06-28 15:43:00,90.68,23.9
2021-06-28 16:13:00,90.68,24
2021-06-28 16:43:00,90.68,24.4
2021-06-28 17:13:00,90.32,24.8
2021-06-28 17:43:00,89.96,25.3
2021-06-28 18:13:00,89.78,25.8
2021-06-28 18:43:00,89.24,26.4
2021-06-28 19:13:00,88.7,27
2021-06-28 19:43:00,87.98,27.1
2021-06-28 20:13:00,87.26,27.5
2021-06-28 20:43:00,86.72,27.8
2021-06-28 21:13:00,86.18,28.1
2021-06-28 21:43:00,85.64,28.3
2021-06-28 22:13:00,84.92,28.6
2021-06-28 22:43:00,84.38,28.8
2021-06-28 23:13:00,83.66,29
2021-06-28 23:43:00,83.12,29.2
2021-06-29 00:13:00,82.58,29.3
2021-06-29 00:43:00,82.04,29.4
2021-06-29 01:13:00,81.68,29.4
2021-06-29 01:43:00,81.14,29.5
2021-06-29 02:13:00,80.78,29.5
2021-06-29 02:43:00,80.24,29.6
2021-06-29 03:13:00,79.7,29.6
2021-06-29 03:43:00,79.34,29.6
2021-06-29 04:13:00,78.98,29.6
2021-06-29 04:43:00,78.44,29.6
2021-06-29 05:13:00,78.08,29.6
2021-06-29 05:43:00,77.9,29.5
2021-06-29 06:13:00,77.72,29.3
2021-06-29 06:43:00,77.72,29.2
2021-06-29 07:13:00,77.72,28.9
2021-06-29 07:43:00,78.08,28.5
2021-06-29 08:13:00,78.8,28.1
2021-06-29 08:43:00,79.52,27.4
2021-06-29 09:13:00,80.42,26.8
2021-06-29 09:43:00,81.68,26.1
2021-06-29 10:13:00,82.58,25.6
2021-06-29 10:43:00,83.48,25.2
2021-06-29 11:13:00,84.56,25.1
2021-06-29 11:43:00,85.46,24.9
2021-06-29 12:13:00,86.36,24.6
2021-06-29 12:43:00,87.26,24.3
2021-06-29 13:13:00,88.34,24.1
2021-06-29 13:43:00,89.24,24
2021-06-29 14:13:00,89.78,24.1
2021-06-29 14:43:00,90.14,24.2
2021-06-29 15:13:00,90.5,24.1
2021-06-29 15:43:00,90.68,24.2
2021-06-29 16:13:00,90.32,24.4
2021-06-29 16:43:00,89.96,24.8
2021-06-29 17:13:00,89.78,25.2
2021-06-29 17:43:00,89.42,25.9
2021-06-29 18:13:00,89.06,26.8
2021-06-29 18:43:00,88.52,27.4
2021-06-29 19:13:00,87.98,27.8
2021-06-29 19:43:00,87.26,28.1
2021-06-29 20:13:00,86.54,28.4
2021-06-29 20:43:00,85.82,28.8
2021-06-29 21:13:00,85.28,29.1
2021-06-29 21:43:00,84.56,29.3
2021-06-29 22:13:00,84.2,29.5
2021-06-29 22:43:00,83.66,29.7
2021-06-29 23:13:00,83.12,29.8
2021-06-29 23:43:00,82.76,29.8
2021-06-30 00:13:00,82.4,29.8
2021-06-30 00:43:00,82.04,29.8
2021-06-30 01:13:00,81.68,29.8
2021-06-30 01:43:00,81.32,29.9
2021-06-30 02:13:00,80.96,29.9
2021-06-30 02:43:00,80.6,29.9
2021-06-30 03:13:00,80.24,29.9
2021-06-30 03:43:00,79.88,30
2021-06-30 04:13:00,79.52,30
2021-06-30 04:43:00,79.16,30
2021-06-30 05:13:00,78.8,30
2021-06-30 05:43:00,78.62,30
2021-06-30 06:13:00,78.26,29.9
2021-06-30 06:43:00,78.08,29.9
2021-06-30 07:13:00,78.08,29.6
2021-06-30 07:43:00,78.44,29.2
2021-06-30 08:13:00,79.16,28.8
2021-06-30 08:43:00,80.06,28.1
2021-06-30 09:13:00,80.96,27.4
2021-06-30 09:43:00,82.04,26.8
2021-06-30 10:13:00,82.94,26.3
2021-06-30 10:43:00,84.02,25.8
2021-06-30 11:13:00,84.92,25.4
2021-06-30 11:43:00,86,25.1
2021-06-30 12:13:00,86.9,25
2021-06-30 12:43:00,87.44,25
2021-06-30 13:13:00,87.8,25.1
2021-06-30 13:43:00,88.16,25.1
2021-06-30 14:13:00,88.16,25.1
2021-06-30 14:43:00,88.16,25.3
2021-06-30 15:13:00,88.7,25.4
2021-06-30 15:43:00,89.06,25.8
2021-06-30 16:13:00,89.42,25.9
2021-06-30 16:43:00,89.6,25.8
2021-06-30 17:13:00,89.42,25.9
2021-06-30 17:43:00,89.24,26.3
2021-06-30 18:13:00,88.88,26.9
2021-06-30 18:43:00,88.52,27.6
2021-06-30 19:13:00,87.98,28.1
2021-06-30 19:43:00,87.26,28.3
2021-06-30 20:13:00,86.54,28.8
2021-06-30 20:43:00,85.82,29.2
2021-06-30 21:13:00,85.28,29.5
2021-06-30 21:43:00,84.56,29.8
2021-06-30 22:13:00,84.2,30
2021-06-30 22:43:00,83.66,30.2
2021-06-30 23:13:00,83.12,30.3
2021-06-30 23:43:00,82.58,30.4
2021-07-01 00:13:00,82.22,30.6
2021-07-01 00:43:00,81.68,30.7
2021-07-01 01:13:00,81.32,30.7
2021-07-01 01:43:00,80.78,30.8
2021-07-01 02:13:00,80.42,30.8
2021-07-01 02:43:00,79.88,30.9
2021-07-01 03:13:00,79.7,30.8
2021-07-01 03:43:00,79.34,30.8
2021-07-01 04:13:00,78.98,30.8
2021-07-01 04:43:00,78.62,30.8
2021-07-01 05:13:00,78.26,30.8
2021-07-01 05:43:00,78.08,30.8
2021-07-01 06:13:00,77.72,30.7
2021-07-01 06:43:00,77.54,30.7
2021-07-01 07:13:00,77.54,30.4
2021-07-01 07:43:00,77.9,30
2021-07-01 08:13:00,78.44,29.6
2021-07-01 08:43:00,79.16,29
2021-07-01 09:13:00,79.88,28.5
2021-07-01 09:43:00,80.42,28.1
2021-07-01 10:13:00,81.32,27.6
2021-07-01 10:43:00,82.4,27
2021-07-02 11:13:00,85.1,27
2021-07-02 11:43:00,85.82,26.7
2021-07-02 12:13:00,87.08,26.3
2021-07-02 12:43:00,87.98,26.1
2021-07-02 13:13:00,88.7,25.9
2021-07-02 13:43:00,89.42,25.9
2021-07-02 14:13:00,89.96,25.9
2021-07-02 14:43:00,90.32,25.9
2021-07-02 15:13:00,90.68,26
2021-07-02 15:43:00,91.04,26
2021-07-02 16:13:00,91.4,26.1
2021-07-02 16:43:00,91.58,26.2
2021-07-02 17:13:00,91.22,26.4
2021-07-02 17:43:00,91.04,26.7
2021-07-02 18:13:00,90.68,27.2
2021-07-02 18:43:00,89.96,28.3
2021-07-02 19:13:00,89.06,28.9
2021-07-02 19:43:00,88.16,29.5
2021-07-02 20:13:00,87.26,30.1
2021-07-02 20:43:00,86.54,30.5
2021-07-02 21:13:00,86,30.9
2021-07-02 21:43:00,85.46,31.1
2021-07-02 22:13:00,85.1,31.3
2021-07-02 22:43:00,84.56,31.5
2021-07-02 23:13:00,84.02,31.7
2021-07-02 23:43:00,83.66,31.9
2021-07-03 00:13:00,83.12,31.9
2021-07-03 00:43:00,82.76,32
2021-07-03 01:13:00,82.4,32.1
2021-07-03 01:43:00,82.04,32.1
2021-07-03 02:13:00,81.68,32.2
2021-07-03 02:43:00,81.32,32.2
2021-07-03 03:13:00,80.96,32.2
2021-07-03 03:43:00,80.78,32.2
2021-07-03 04:13:00,80.42,32.2
2021-07-03 04:43:00,80.06,32.2
2021-07-03 05:13:00,79.88,32.2
2021-07-03 05:43:00,79.7,32.1
2021-07-03 06:13:00,79.34,32.1
2021-07-03 06:43:00,79.16,32
2021-07-03 07:13:00,79.16,31.9
2021-07-03 07:43:00,79.34,31.6
2021-07-03 08:13:00,79.88,31.1
2021-07-03 08:43:00,80.6,30.5
2021-07-03 09:13:00,81.5,29.8
2021-07-03 09:43:00,82.58,29
2021-07-03 10:13:00,83.66,28.4
2021-07-03 10:43:00,84.2,28.2
2021-07-03 11:13:00,85.1,27.7
2021-07-03 11:43:00,86.18,27.2
2021-07-03 12:13:00,87.26,26.9
2021-07-03 12:43:00,87.98,26.7
2021-07-03 13:13:00,88.52,26.8
2021-07-03 13:43:00,89.06,26.7
2021-07-03 14:13:00,89.78,26.6
2021-07-03 14:43:00,90.14,26.5
2021-07-03 15:13:00,90.14,26.6
2021-07-03 15:43:00,89.96,26.7
2021-07-03 16:13:00,89.78,27
2021-07-03 16:43:00,89.96,27.1
2021-07-03 17:13:00,89.96,27.4
2021-07-03 17:43:00,89.78,27.8
2021-07-03 18:13:00,89.78,28.2
2021-07-03 18:43:00,89.24,28.7
2021-07-03 19:13:00,88.52,29.6
2021-07-03 19:43:00,87.62,30
2021-07-03 20:13:00,86.9,30.6
2021-07-03 20:43:00,86.18,31
2021-07-03 21:13:00,85.46,31.4
2021-07-03 21:43:00,84.92,31.7
2021-07-03 22:13:00,84.38,32
2021-07-03 22:43:00,83.84,32.2
2021-07-03 23:13:00,83.48,32.3
2021-07-03 23:43:00,83.12,32.5
2021-07-04 00:13:00,82.58,32.5
2021-07-04 00:43:00,82.4,32.5
2021-07-04 01:13:00,82.04,32.6
2021-07-04 01:43:00,81.68,32.6
2021-07-04 02:13:00,81.5,32.6
2021-07-04 02:43:00,81.14,32.6
2021-07-04 03:13:00,80.78,32.7
2021-07-04 03:43:00,80.42,32.7
2021-07-04 04:13:00,80.06,32.7
2021-07-04 04:43:00,79.7,32.8
2021-07-04 05:13:00,79.52,32.8
2021-07-04 05:43:00,79.16,32.8
2021-07-04 06:13:00,78.98,32.8
2021-07-04 06:43:00,78.8,32.7
2021-07-04 07:13:00,78.8,32.5
2021-07-04 07:43:00,78.98,32.3
2021-07-04 08:13:00,79.34,31.9
2021-07-04 08:43:00,79.88,31.4
2021-07-04 09:13:00,80.42,30.7
2021-07-04 09:43:00,81.14,30.3
2021-07-04 10:13:00,82.04,29.7
2021-07-04 10:43:00,82.94,29.1
2021-07-04 11:13:00,83.66,28.7
2021-07-04 11:43:00,84.74,28.2
2021-07-04 12:13:00,85.64,27.8
2021-07-04 12:43:00,86.18,27.6
2021-07-04 13:13:00,86.36,27.7
2021-07-04 13:43:00,87.08,27.7
2021-07-04 14:13:00,87.8,27.5
2021-07-04 14:43:00,88.52,27.2
2021-07-04 15:13:00,89.24,27.2
2021-07-04 15:43:00,89.78,27.2
2021-07-04 16:13:00,89.96,27.1
2021-07-04 16:43:00,90.14,27.1
2021-07-04 17:13:00,90.14,27.3
2021-07-04 17:43:00,89.96,27.6
2021-07-04 18:13:00,89.6,28.1
2021-07-04 18:43:00,89.06,29
2021-07-04 19:13:00,88.52,29.5
2021-07-04 19:43:00,87.8,30.1
2021-07-04 20:13:00,86.9,30.7
2021-07-04 20:43:00,86.18,31.1
2021-07-04 21:13:00,85.46,31.6
2021-07-04 21:43:00,84.92,31.9
2021-07-04 22:13:00,84.38,32.2
2021-07-04 22:43:00,83.84,32.4
2021-07-04 23:13:00,83.48,32.6
2021-07-04 23:43:00,82.94,32.8
2021-07-05 00:13:00,82.4,33
2021-07-05 00:43:00,81.86,33.2
2021-07-05 01:13:00,81.5,33.4
2021-07-05 01:43:00,80.96,33.4
2021-07-05 02:13:00,80.6,33.6
2021-07-05 02:43:00,80.06,33.6
2021-07-05 03:13:00,79.7,33.7
2021-07-05 03:43:00,79.16,33.8
2021-07-05 04:13:00,78.98,33.8
2021-07-05 04:43:00,78.44,33.8
2021-07-05 05:13:00,78.08,33.9
2021-07-05 05:43:00,77.9,33.9
2021-07-05 06:13:00,77.54,33.9
2021-07-05 06:43:00,77.18,33.8
2021-07-05 07:13:00,77.18,33.6
2021-07-05 07:43:00,77.72,33.2
2021-07-05 08:13:00,78.26,32.7
2021-07-05 08:43:00,78.98,31.9
2021-07-05 09:13:00,79.88,31.2
2021-07-05 09:43:00,80.78,30.5
2021-07-05 10:13:00,81.68,29.9
2021-07-05 10:43:00,82.76,29.2
2021-07-05 11:13:00,84.2,28.5
2021-07-05 11:43:00,85.28,27.9
2021-07-05 12:13:00,86.36,27.5
2021-07-05 12:43:00,87.44,27.2
2021-07-05 13:13:00,88.52,27
2021-07-05 13:43:00,89.42,26.8
2021-07-05 14:13:00,90.14,26.7
2021-07-05 14:43:00,90.68,26.8
2021-07-05 15:13:00,91.04,26.7
2021-07-05 15:43:00,91.04,26.7
2021-07-05 16:13:00,91.04,26.9
2021-07-05 16:43:00,91.4,27
2021-07-05 17:13:00,91.58,27.3
2021-07-05 17:43:00,91.58,27.5
2021-07-05 18:13:00,91.58,27.8
2021-07-05 18:43:00,91.22,28.3
2021-07-05 19:13:00,90.5,29.2
2021-07-05 19:43:00,89.42,30.2
2021-07-05 20:13:00,88.52,30.8
2021-07-05 20:43:00,87.62,31.4
2021-07-05 21:13:00,87.08,31.9
2021-07-05 21:43:00,86.36,32.3
2021-07-05 22:13:00,85.64,32.7
2021-07-05 22:43:00,85.1,33.1
2021-07-05 23:13:00,84.56,33.4
2021-07-05 23:43:00,84.02,33.7
2021-07-06 00:13:00,83.48,33.9
2021-07-06 00:43:00,83.12,34
2021-07-06 01:13:00,82.76,34
2021-07-06 01:43:00,82.22,34.1
2021-07-06 02:13:00,81.86,34.2
2021-07-06 02:43:00,81.5,34.3
2021-07-06 03:13:00,81.14,34.3
2021-07-06 03:43:00,80.78,34.4
2021-07-06 04:13:00,80.42,34.4
2021-07-06 04:43:00,80.06,34.5
2021-07-06 05:13:00,79.7,34.5
2021-07-06 05:43:00,79.52,34.5
2021-07-06 06:13:00,79.16,34.5
2021-07-06 06:43:00,78.98,34.4
2021-07-06 07:13:00,78.98,34.2
2021-07-06 07:43:00,79.34,33.8
2021-07-06 08:13:00,79.88,33.4
2021-07-06 08:43:00,80.6,32.7
2021-07-06 09:13:00,81.5,31.9
2021-07-06 09:43:00,82.58,31.1
2021-07-06 10:13:00,83.66,30.4
2021-07-06 10:43:00,84.38,29.9
2021-07-06 11:13:00,85.28,29.5
2021-07-06 11:43:00,86.18,29.1
2021-07-06 12:13:00,87.08,28.8
2021-07-06 12:43:00,87.8,28.6
2021-07-06 13:13:00,88.88,28.3
2021-07-06 13:43:00,89.78,28
2021-07-06 14:13:00,90.68,27.7
2021-07-06 14:43:00,91.58,27.6
2021-07-06 15:13:00,91.94,27.7
2021-07-06 15:43:00,92.12,27.6
2021-07-06 16:13:00,92.66,27.7
2021-07-06 16:43:00,93.02,27.7
2021-07-06 17:13:00,93.38,27.8
2021-07-06 17:43:00,93.2,28
2021-07-06 18:13:00,92.66,28.5
2021-07-06 18:43:00,91.76,29.7
2021-07-06 19:13:00,90.86,30.7
2021-07-06 19:43:00,89.78,31.3
2021-07-06 20:13:00,88.7,32.1
2021-07-06 20:43:00,87.98,32.7
2021-07-06 21:13:00,87.08,33.2
2021-07-06 21:43:00,86.54,33.6
2021-07-06 22:13:00,86,33.9
2021-07-06 22:43:00,85.46,34.2
2021-07-06 23:13:00,84.92,34.5
2021-07-06 23:43:00,84.38,34.7
2021-07-07 00:13:00,83.66,35
2021-07-07 00:43:00,83.12,35.2
2021-07-07 01:13:00,82.58,35.3
2021-07-07 01:43:00,82.22,35.5
2021-07-07 02:13:00,81.86,35.5
2021-07-07 02:43:00,81.5,35.6
2021-07-07 03:13:00,80.96,35.6
2021-07-07 03:43:00,80.78,35.6
2021-07-07 04:13:00,80.42,35.6
2021-07-07 04:43:00,80.06,35.6
2021-07-07 05:13:00,79.7,35.6
2021-07-07 05:43:00,79.52,35.7
2021-07-07 06:13:00,79.16,35.6
2021-07-07 06:43:00,79.16,35.4
2021-07-07 07:13:00,79.16,35.1
2021-07-07 07:43:00,79.52,34.8
2021-07-07 08:13:00,79.88,34.3
2021-07-07 08:43:00,80.6,33.6
2021-07-07 09:13:00,81.5,32.9
2021-07-07 09:43:00,82.4,32.2
2021-07-07 10:13:00,83.66,31.3
2021-07-07 10:43:00,84.56,30.7
2021-07-07 11:13:00,85.82,30
2021-07-07 11:43:00,87.26,29.3
2021-07-07 12:13:00,88.34,28.8
2021-07-07 12:43:00,89.24,28.5
2021-07-07 13:13:00,89.78,28.6
2021-07-07 13:43:00,89.96,28.5
2021-07-07 14:13:00,90.14,28.5
2021-07-07 14:43:00,90.32,28.6
2021-07-07 15:13:00,90.32,28.8
2021-07-07 15:43:00,90.32,29
2021-07-07 16:13:00,90.5,29.1
2021-07-07 16:43:00,90.32,29.4
2021-07-07 17:13:00,89.96,30.1
2021-07-07 17:43:00,89.42,31.1
2021-07-07 18:13:00,88.88,31.7
2021-07-07 18:43:00,88.16,32.1
2021-07-07 19:13:00,87.44,32.6
2021-07-07 19:43:00,86.72,33.2
2021-07-07 20:13:00,86,33.7
2021-07-07 20:43:00,85.28,34.1
2021-07-07 21:13:00,84.74,34.5
2021-07-07 21:43:00,84.2,34.8
2021-07-07 22:13:00,83.66,35
2021-07-07 22:43:00,83.12,35.3
2021-07-07 23:13:00,82.58,35.4
2021-07-07 23:43:00,82.22,35.6
2021-07-08 00:13:00,81.68,35.7
2021-07-08 00:43:00,81.32,35.8
2021-07-08 01:13:00,80.96,35.9
2021-07-08 01:43:00,80.6,35.9
2021-07-08 02:13:00,80.24,36
2021-07-08 02:43:00,79.88,36
2021-07-08 03:13:00,79.52,36
2021-07-08 03:43:00,79.16,36
2021-07-08 04:13:00,78.98,36
2021-07-08 04:43:00,78.62,36
2021-07-08 05:13:00,78.26,36
2021-07-08 05:43:00,78.08,36
2021-07-08 06:13:00,77.72,36
2021-07-08 06:43:00,77.54,35.9
2021-07-08 07:13:00,77.72,35.7
2021-07-08 07:43:00,78.08,35.2
2021-07-08 08:13:00,78.62,34.6
2021-07-08 08:43:00,79.52,33.8
2021-07-08 09:13:00,80.6,33
2021-07-08 09:43:00,81.86,32.1
2021-07-08 10:13:00,82.58,31.5
2021-07-08 10:43:00,83.66,30.9
2021-07-08 11:13:00,84.56,30.3
2021-07-08 11:43:00,85.64,29.8
2021-07-08 12:13:00,86.72,29.4
2021-07-08 12:43:00,87.44,29.2
2021-07-08 13:13:00,87.98,29.2
2021-07-08 13:43:00,88.52,29.2
2021-07-08 14:13:00,88.88,29
2021-07-08 14:43:00,88.52,29.2
2021-07-08 15:13:00,88.16,29.7
2021-07-08 15:43:00,87.8,30.4
2021-07-08 16:13:00,87.44,31
2021-07-08 16:43:00,87.08,31.5
2021-07-08 17:13:00,86.72,32
2021-07-08 17:43:00,86.36,32.4
2021-07-08 18:13:00,86.36,32.6
2021-07-08 18:43:00,86.18,32.9
2021-07-08 19:13:00,85.64,33.2
2021-07-08 19:43:00,85.1,33.5
2021-07-08 20:13:00,84.38,34
2021-07-08 20:43:00,83.84,34.3
2021-07-08 21:13:00,83.48,34.6
2021-07-08 21:43:00,82.94,34.9
2021-07-08 22:13:00,82.4,35.1
2021-07-08 22:43:00,82.04,35.3
2021-07-08 23:13:00,81.68,35.5
2021-07-08 23:43:00,81.14,35.6
2021-07-09 00:13:00,80.78,35.7
2021-07-09 00:43:00,80.42,35.8
2021-07-09 01:13:00,80.06,35.8
2021-07-09 01:43:00,79.88,35.9
2021-07-09 02:13:00,79.52,35.9
2021-07-09 02:43:00,79.16,36
2021-07-09 03:13:00,78.8,36
2021-07-09 03:43:00,78.44,36.1
2021-07-09 04:13:00,78.08,36
2021-07-09 04:43:00,77.9,36
2021-07-09 05:13:00,77.72,36
2021-07-09 05:43:00,77.54,35.9
2021-07-09 06:13:00,77.36,35.9
2021-07-09 06:43:00,77.18,35.8
2021-07-09 07:13:00,77.18,35.6
2021-07-09 07:43:00,77.54,35.2
2021-07-09 08:13:00,78.26,34.6
2021-07-09 08:43:00,78.98,33.9
2021-07-09 09:13:00,79.88,33.2
2021-07-09 09:43:00,80.96,32.4
2021-07-09 10:13:00,82.22,31.7
2021-07-09 10:43:00,83.3,30.9
2021-07-09 11:13:00,84.56,30.4
2021-07-09 11:43:00,85.64,29.9
2021-07-09 12:13:00,86.36,29.5
2021-07-09 12:43:00,87.26,29.4
2021-07-09 13:13:00,88.16,29.1
2021-07-09 13:43:00,88.88,28.9
2021-07-09 14:13:00,89.42,28.8
2021-07-09 14:43:00,89.78,28.7
2021-07-09 15:13:00,89.78,28.8
2021-07-09 15:43:00,89.6,29
2021-07-09 16:13:00,89.6,29.2
2021-07-09 16:43:00,89.42,29.6
2021-07-09 17:13:00,89.06,30.2
2021-07-09 17:43:00,88.88,30.7
2021-07-09 18:13:00,88.52,31.4
2021-07-09 18:43:00,87.98,32
2021-07-09 19:13:00,87.26,32.6
2021-07-09 19:43:00,86.54,33.1
2021-07-09 20:13:00,86,33.6
2021-07-09 20:43:00,85.28,34
2021-07-09 21:13:00,84.74,34.5
2021-07-09 21:43:00,84.2,34.8
2021-07-09 22:13:00,83.66,35.2
2021-07-09 22:43:00,83.12,35.5
2021-07-09 23:13:00,82.58,35.7
2021-07-09 23:43:00,82.22,35.9
2021-07-10 00:13:00,81.86,36
2021-07-10 00:43:00,81.5,36.2
2021-07-10 01:13:00,80.96,36.3
2021-07-10 01:43:00,80.6,36.4
2021-07-10 02:13:00,80.24,36.5
2021-07-10 02:43:00,79.88,36.5
2021-07-10 03:13:00,79.7,36.6
2021-07-10 03:43:00,79.34,36.6
2021-07-10 04:13:00,78.98,36.7
2021-07-10 04:43:00,78.62,36.7
2021-07-10 05:13:00,78.26,36.8
2021-07-10 05:43:00,78.08,36.8
2021-07-10 06:13:00,77.72,36.8
2021-07-10 06:43:00,77.54,36.7
2021-07-10 07:13:00,77.72,36.5
2021-07-10 07:43:00,78.08,36
2021-07-10 08:13:00,78.62,35.4
2021-07-10 08:43:00,79.52,34.7
2021-07-10 09:13:00,80.24,34
2021-07-10 09:43:00,80.96,33.4
2021-07-10 10:13:00,81.86,32.8
2021-07-10 10:43:00,83.12,32
2021-07-10 11:13:00,84.56,31.2
2021-07-10 11:43:00,85.64,30.7
2021-07-10 12:13:00,86.18,30.5
2021-07-10 12:43:00,86.72,30.4
2021-07-10 13:13:00,87.44,30.1
2021-07-10 13:43:00,87.98,30.1
2021-07-10 14:13:00,88.52,29.9
2021-07-10 14:43:00,88.7,29.9
2021-07-10 15:13:00,88.34,30.1
2021-07-10 15:43:00,88.16,30.3
2021-07-10 16:13:00,88.16,30.6
2021-07-10 16:43:00,87.8,31.3
2021-07-10 17:13:00,87.62,31.7
2021-07-10 17:43:00,87.44,32.1
2021-07-10 18:13:00,87.08,32.8
2021-07-10 18:43:00,86.72,33.3
2021-07-10 19:13:00,86.18,33.6
2021-07-10 19:43:00,85.46,34
2021-07-10 20:13:00,84.92,34.5
2021-07-10 20:43:00,84.38,34.9
2021-07-10 21:13:00,84.02,35.2
2021-07-10 21:43:00,83.48,35.5
2021-07-10 22:13:00,83.12,35.7
2021-07-10 22:43:00,82.76,35.9
2021-07-10 23:13:00,82.4,36.1
2021-07-10 23:43:00,81.86,36.2
2021-07-11 00:13:00,81.68,36.4
2021-07-11 00:43:00,81.32,36.5
2021-07-11 01:13:00,80.96,36.5
2021-07-11 01:43:00,80.78,36.6
2021-07-11 02:13:00,80.42,36.6
2021-07-11 02:43:00,80.24,36.6
2021-07-11 03:13:00,79.88,36.6
2021-07-11 03:43:00,79.7,36.7
2021-07-11 04:13:00,79.52,36.7
2021-07-11 04:43:00,79.16,36.7
2021-07-11 05:13:00,78.98,36.6
2021-07-11 05:43:00,78.8,36.6
2021-07-11 06:13:00,78.62,36.6
2021-07-11 06:43:00,78.44,36.6
2021-07-11 07:13:00,78.44,36.4
2021-07-11 07:43:00,78.8,36.1
2021-07-11 08:13:00,79.34,35.6
2021-07-11 08:43:00,79.88,35
2021-07-11 09:13:00,80.78,34.4
2021-07-11 09:43:00,81.68,33.7
2021-07-11 10:13:00,82.76,32.9
2021-07-11 10:43:00,83.84,32.3
2021-07-11 11:13:00,84.74,31.8
2021-07-11 11:43:00,85.82,31.3
2021-07-11 12:13:00,86.36,31
2021-07-11 12:43:00,87.26,30.7
2021-07-11 13:13:00,88.16,30.4
2021-07-11 13:43:00,88.88,30.2
2021-07-11 14:13:00,89.24,30.2
2021-07-11 14:43:00,89.78,30.1
2021-07-11 15:13:00,89.6,30.2
2021-07-11 15:43:00,89.78,30.2
2021-07-11 16:13:00,90.14,30.3
2021-07-11 16:43:00,90.14,30.5
2021-07-11 17:13:00,89.96,30.7
2021-07-11 17:43:00,89.78,31.2
2021-07-11 18:13:00,89.06,32.2
2021-07-11 18:43:00,88.88,32.7
2021-07-11 19:13:00,88.16,33.3
2021-07-11 19:43:00,87.26,33.9
2021-07-11 20:13:00,86.54,34.5
2021-07-11 20:43:00,85.82,35
2021-07-11 21:13:00,85.28,35.5
2021-07-11 21:43:00,84.74,35.9
2021-07-11 22:13:00,84.2,36.2
2021-07-11 22:43:00,83.66,36.6
2021-07-11 23:13:00,83.12,36.9
2021-07-11 23:43:00,82.58,37.1
2021-07-12 00:13:00,82.22,37.3
2021-07-12 00:43:00,81.68,37.5
2021-07-12 01:13:00,81.32,37.6
2021-07-12 01:43:00,80.96,37.7
2021-07-12 02:13:00,80.6,37.7
2021-07-12 02:43:00,80.42,37.8
2021-07-12 03:13:00,80.06,37.8
2021-07-12 03:43:00,79.88,37.8
2021-07-12 04:13:00,79.52,37.8
2021-07-12 04:43:00,79.16,37.9
2021-07-12 05:13:00,78.98,37.9
2021-07-12 05:43:00,78.62,37.9
2021-07-12 06:13:00,78.44,37.9
2021-07-12 06:43:00,78.08,37.9
2021-07-12 07:13:00,78.08,37.8
2021-07-12 07:43:00,78.26,37.5
2021-07-12 08:13:00,78.8,37
2021-07-12 08:43:00,79.52,36.2
2021-07-12 09:13:00,80.42,35.4
2021-07-12 09:43:00,81.5,34.5
2021-07-12 10:13:00,82.58,33.7
2021-07-12 10:43:00,83.66,33
2021-07-12 11:13:00,84.74,32.4
2021-07-12 11:43:00,85.82,31.9
2021-07-12 12:13:00,86.54,31.5
2021-07-12 12:43:00,86.9,31.5
2021-07-12 13:13:00,87.44,31.3
2021-07-12 13:43:00,88.34,31.1
2021-07-12 14:13:00,89.06,30.8
2021-07-12 14:43:00,89.6,30.8
2021-07-12 15:13:00,90.32,30.7
2021-07-12 15:43:00,90.68,30.5
2021-07-12 16:13:00,90.68,30.5
2021-07-12 16:43:00,90.14,31
2021-07-12 17:13:00,89.78,31.7
2021-07-12 17:43:00,89.42,32.2
2021-07-12 18:13:00,88.88,32.9
2021-07-12 18:43:00,88.52,33.4
2021-07-12 19:13:00,87.98,34
2021-07-12 19:43:00,87.08,34.5
2021-07-12 20:13:00,86.36,35.2
2021-07-12 20:43:00,85.64,35.7
2021-07-12 21:13:00,85.1,36.2
2021-07-12 21:43:00,84.56,36.6
2021-07-12 22:13:00,84.02,36.9
2021-07-12 22:43:00,83.48,37.2
2021-07-12 23:13:00,83.12,37.4
2021-07-12 23:43:00,82.58,37.6
2021-07-13 00:13:00,82.22,37.8
2021-07-13 00:43:00,81.86,37.9
2021-07-13 01:13:00,81.5,38
2021-07-13 01:43:00,81.32,38
2021-07-13 02:13:00,80.96,38.1
2021-07-13 02:43:00,80.6,38.3
2021-07-13 03:13:00,80.06,38.4
2021-07-13 03:43:00,79.88,38.5
2021-07-13 04:13:00,79.52,38.5
2021-07-13 04:43:00,79.16,38.6
2021-07-13 05:13:00,78.8,38.6
2021-07-13 05:43:00,78.62,38.6
2021-07-13 06:13:00,78.26,38.7
2021-07-13 06:43:00,78.08,38.6
2021-07-13 07:13:00,78.08,38.5
2021-07-13 07:43:00,78.26,38.1
2021-07-13 08:13:00,78.8,37.6
2021-07-13 08:43:00,79.52,36.8
2021-07-13 09:13:00,80.42,36
2021-07-13 09:43:00,81.5,35.2
2021-07-13 10:13:00,82.4,34.4
2021-07-13 10:43:00,83.12,34
2021-07-13 11:13:00,84.02,33.4
2021-07-13 11:43:00,85.28,32.7
2021-07-13 12:13:00,86.18,32.2
2021-07-13 12:43:00,87.26,31.7
2021-07-13 13:13:00,88.52,31.2
2021-07-13 13:43:00,89.78,30.7
2021-07-13 14:13:00,90.86,30.3
2021-07-13 14:43:00,91.58,30.3
2021-07-13 15:13:00,92.12,30.2
2021-07-13 15:43:00,92.84,30.1
2021-07-13 16:13:00,93.38,30
2021-07-13 16:43:00,93.56,29.9
2021-07-13 17:13:00,93.56,30.1
2021-07-13 17:43:00,93.2,30.5
2021-07-13 18:13:00,92.66,31.3
2021-07-13 18:43:00,91.94,32.4
2021-07-13 19:13:00,90.86,33.3
2021-07-13 19:43:00,89.78,34.2
2021-07-13 20:13:00,88.88,35
2021-07-13 20:43:00,87.98,35.7
2021-07-13 21:13:00,87.26,36.3
2021-07-13 21:43:00,86.72,36.8
2021-07-13 22:13:00,86,37.3
2021-07-13 22:43:00,85.28,37.7
2021-07-13 23:13:00,84.74,38.1
2021-07-13 23:43:00,84.38,38.4
2021-07-14 00:13:00,83.66,38.7
2021-07-14 00:43:00,83.12,39
2021-07-14 01:13:00,82.58,39.3
2021-07-14 01:43:00,82.04,39.5
2021-07-14 02:13:00,81.68,39.7
2021-07-14 02:43:00,81.32,39.8
2021-07-14 03:13:00,80.78,39.9
2021-07-14 03:43:00,80.42,40
2021-07-14 04:13:00,80.06,40.1
2021-07-14 04:43:00,79.7,40.1
2021-07-14 05:13:00,79.52,40.1
2021-07-14 05:43:00,79.34,40
2021-07-14 06:13:00,79.16,39.9
2021-07-14 06:43:00,78.98,39.7
2021-07-14 07:13:00,78.98,39.5
2021-07-14 07:43:00,79.52,39
2021-07-14 08:13:00,80.06,38.4
2021-07-14 08:43:00,80.96,37.5
2021-07-14 09:13:00,81.86,36.5
2021-07-14 09:43:00,82.76,35.8
2021-07-14 10:13:00,83.84,35
2021-07-14 10:43:00,84.74,34.4
2021-07-14 11:13:00,85.64,33.9
2021-07-14 11:43:00,86,33.7
2021-07-14 12:13:00,86.36,33.6
2021-07-14 12:43:00,86.9,33.5
2021-07-14 13:13:00,87.08,33.4
2021-07-14 13:43:00,86.9,33.5
2021-07-14 14:13:00,86.9,33.6
2021-07-14 14:43:00,87.08,33.6
2021-07-14 15:13:00,87.26,33.7
2021-07-14 15:43:00,87.62,33.8
2021-07-14 16:13:00,87.8,33.8
2021-07-14 16:43:00,88.16,33.8
2021-07-14 17:13:00,88.7,33.7
2021-07-14 17:43:00,88.52,33.7
2021-07-14 18:13:00,88.16,33.9
2021-07-14 18:43:00,87.62,34.8
2021-07-14 19:13:00,86.9,35.5
2021-07-14 19:43:00,86.18,36.1
2021-07-14 20:13:00,85.46,36.6
2021-07-14 20:43:00,84.92,37.1
2021-07-14 21:13:00,84.38,37.5
2021-07-14 21:43:00,83.66,37.9
2021-07-14 22:13:00,83.12,38.3
2021-07-14 22:43:00,82.58,38.6
2021-07-14 23:13:00,82.22,38.8
2021-07-14 23:43:00,81.86,39
2021-07-15 00:13:00,81.5,39.2
2021-07-15 00:43:00,81.14,39.3
2021-07-15 01:13:00,80.78,39.4
2021-07-15 01:43:00,80.42,39.4
2021-07-15 02:13:00,80.24,39.5
2021-07-15 02:43:00,79.88,39.5
2021-07-15 03:13:00,79.7,39.5
2021-07-15 03:43:00,79.52,39.5
2021-07-15 04:13:00,79.16,39.5
2021-07-15 04:43:00,78.98,39.6
2021-07-15 05:13:00,78.62,39.6
2021-07-15 05:43:00,78.44,39.6
2021-07-15 06:13:00,78.26,39.6
2021-07-15 06:43:00,78.08,39.6
2021-07-15 07:13:00,77.9,39.4
2021-07-15 07:43:00,78.26,39
2021-07-15 08:13:00,78.8,38.5
2021-07-15 08:43:00,79.52,37.7
2021-07-15 09:13:00,80.42,36.8
2021-07-15 09:43:00,81.68,36
2021-07-15 10:13:00,82.58,35.2
2021-07-15 10:43:00,83.66,34.5
2021-07-15 11:13:00,84.92,33.8
2021-07-15 11:43:00,85.82,33.3
2021-07-15 12:13:00,86.9,32.7
2021-07-15 12:43:00,88.16,32.2
2021-07-15 13:13:00,89.06,31.8
2021-07-15 13:43:00,89.78,31.6
2021-07-15 14:13:00,90.5,31.4
2021-07-15 14:43:00,91.04,31.3
2021-07-15 15:13:00,91.22,31.3
2021-07-15 15:43:00,91.22,31.3
2021-07-15 16:13:00,91.22,31.5
2021-07-15 16:43:00,91.22,31.8
2021-07-15 17:13:00,90.86,32.3
2021-07-15 17:43:00,90.32,33.1
2021-07-15 18:13:00,89.78,34
2021-07-15 18:43:00,89.42,34.5
2021-07-15 19:13:00,88.88,35.1
2021-07-15 19:43:00,87.98,35.7
2021-07-15 20:13:00,87.08,36.4
2021-07-15 20:43:00,86.36,37
2021-07-15 21:13:00,85.82,37.5
2021-07-15 21:43:00,85.28,38
2021-07-15 22:13:00,84.56,38.4
2021-07-15 22:43:00,84.2,38.8
2021-07-15 23:13:00,83.66,39.1
2021-07-15 23:43:00,83.12,39.4
2021-07-16 00:13:00,82.76,39.6
2021-07-16 00:43:00,82.4,39.7
2021-07-16 01:13:00,81.86,39.9
2021-07-16 01:43:00,81.86,39.9
2021-07-16 02:13:00,81.68,39.9
2021-07-16 02:43:00,81.32,40
2021-07-16 03:13:00,80.96,40
2021-07-16 03:43:00,80.78,40.1
2021-07-16 04:13:00,80.24,40.2
2021-07-16 04:43:00,80.06,40.2
2021-07-16 05:13:00,79.7,40.3
2021-07-16 05:43:00,79.52,40.3
2021-07-16 06:13:00,79.34,40.2
2021-07-16 06:43:00,79.34,40.1
2021-07-16 07:13:00,79.16,40
2021-07-16 07:43:00,79.52,39.6
2021-07-16 08:13:00,79.88,39.1
2021-07-16 08:43:00,80.6,38.4
2021-07-16 09:13:00,81.32,37.8
2021-07-16 09:43:00,81.5,37.4
2021-07-16 10:13:00,82.22,36.9
2021-07-16 10:43:00,82.94,36.3
2021-07-16 11:13:00,83.84,35.7
2021-07-16 11:43:00,84.56,35.3
2021-07-16 12:13:00,85.64,34.6
2021-07-16 12:43:00,86.72,34
2021-07-16 13:13:00,87.62,33.5
2021-07-16 13:43:00,88.52,33.1
2021-07-16 14:13:00,89.24,32.9
2021-07-16 14:43:00,90.14,32.5
2021-07-16 15:13:00,90.86,32.4
2021-07-16 15:43:00,91.4,32.2
2021-07-16 16:13:00,91.76,32.1
2021-07-16 16:43:00,92.12,32
2021-07-16 17:13:00,91.94,32.2
2021-07-16 17:43:00,91.76,32.6
2021-07-16 18:13:00,91.22,33.2
2021-07-16 18:43:00,90.68,34.1
2021-07-16 19:13:00,89.96,34.8
2021-07-16 19:43:00,88.88,35.6
2021-07-16 20:13:00,87.98,36.4
2021-07-16 20:43:00,87.26,37.2
2021-07-16 21:13:00,86.36,37.7
2021-07-16 21:43:00,85.82,38.3
2021-07-16 22:13:00,85.28,38.7
2021-07-16 22:43:00,84.74,39.1
2021-07-16 23:13:00,84.2,39.5
2021-07-16 23:43:00,83.66,39.8
2021-07-17 00:13:00,83.3,40.1
2021-07-17 00:43:00,82.94,40.2
2021-07-17 01:13:00,82.58,40.3
2021-07-17 01:43:00,82.4,40.4
2021-07-17 02:13:00,82.04,40.5
2021-07-17 02:43:00,81.68,40.6
2021-07-17 03:13:00,81.32,40.8
2021-07-17 03:43:00,80.96,40.8
2021-07-17 04:13:00,80.78,40.8
2021-07-17 04:43:00,80.42,40.8
2021-07-17 05:13:00,80.24,40.9
2021-07-17 05:43:00,80.06,40.9
2021-07-17 06:13:00,79.88,40.8
2021-07-17 06:43:00,79.7,40.8
2021-07-17 07:13:00,79.52,40.8
2021-07-17 07:43:00,79.52,40.6
2021-07-17 08:13:00,80.06,40.1
2021-07-17 08:43:00,80.78,39.3
2021-07-17 09:13:00,81.68,38.4
2021-07-17 09:43:00,82.58,37.6
2021-07-17 10:13:00,83.3,37
2021-07-17 10:43:00,83.66,36.6
2021-07-17 11:13:00,84.02,36.4
2021-07-17 11:43:00,84.38,36.2
2021-07-17 12:13:00,85.28,35.7
2021-07-17 12:43:00,86.18,35.2
2021-07-17 13:13:00,86.9,34.7
2021-07-17 13:43:00,87.98,34.2
2021-07-17 14:13:00,88.88,33.8
2021-07-17 14:43:00,89.42,33.5
2021-07-17 15:13:00,90.14,33.3
2021-07-17 15:43:00,90.86,33.2
2021-07-17 16:13:00,91.22,33
2021-07-17 16:43:00,91.4,32.9
2021-07-17 17:13:00,91.04,33.2
2021-07-17 17:43:00,90.86,33.5
2021-07-17 18:13:00,90.86,33.8
2021-07-17 18:43:00,90.32,34.4
2021-07-17 19:13:00,89.6,35.4
2021-07-17 19:43:00,88.7,36.2
2021-07-17 20:13:00,87.8,36.9
2021-07-17 20:43:00,87.08,37.7
2021-07-17 21:13:00,86.18,38.3
2021-07-17 21:43:00,85.64,38.8
2021-07-17 22:13:00,85.28,39.2
2021-07-17 22:43:00,84.56,39.6
2021-07-17 23:13:00,84.02,40
2021-07-17 23:43:00,83.66,40.2
2021-07-18 00:13:00,83.3,40.5
2021-07-18 00:43:00,82.76,40.6
2021-07-18 01:13:00,82.58,40.8
2021-07-18 01:43:00,82.22,40.9
2021-07-18 02:13:00,81.86,41
2021-07-18 02:43:00,81.68,41
2021-07-18 03:13:00,81.32,41.1
2021-07-18 03:43:00,81.14,41.1
2021-07-18 04:13:00,80.96,41.1
2021-07-18 04:43:00,80.78,41.2
2021-07-18 05:13:00,80.42,41.2
2021-07-18 05:43:00,80.06,41.3
2021-07-18 06:13:00,79.7,41.4
2021-07-18 06:43:00,79.52,41.5
2021-07-18 07:13:00,79.52,41.3
2021-07-18 07:43:00,79.7,40.9
2021-07-18 08:13:00,80.24,40.4
2021-07-18 08:43:00,80.78,39.6
2021-07-18 09:13:00,81.68,38.9
2021-07-18 09:43:00,82.58,38.1
2021-07-18 10:13:00,83.66,37.2
2021-07-18 10:43:00,84.56,36.5
2021-07-18 11:13:00,85.46,35.9
2021-07-18 11:43:00,86.54,35.2
2021-07-18 12:13:00,87.62,34.7
2021-07-18 12:43:00,88.16,34.4
2021-07-18 13:13:00,88.52,34.4
2021-07-18 13:43:00,88.88,34.3
2021-07-18 14:13:00,89.24,34.1
2021-07-18 14:43:00,89.78,34.1
2021-07-18 15:13:00,90.14,34
2021-07-18 15:43:00,90.68,34
2021-07-18 16:13:00,91.04,33.8
2021-07-18 16:43:00,91.22,33.8
2021-07-18 17:13:00,91.22,33.8
2021-07-18 17:43:00,91.22,34.1
2021-07-18 18:13:00,90.86,34.5
2021-07-18 18:43:00,90.32,35.2
2021-07-18 19:13:00,89.42,36.1
2021-07-18 19:43:00,88.52,36.8
2021-07-18 20:13:00,87.62,37.6
2021-07-18 20:43:00,86.9,38.3
2021-07-18 21:13:00,86.18,38.9
2021-07-18 21:43:00,85.64,39.4
2021-07-18 22:13:00,85.1,39.9
2021-07-18 22:43:00,84.56,40.3
2021-07-18 23:13:00,84.02,40.6
2021-07-18 23:43:00,83.66,40.9
2021-07-19 00:13:00,83.12,41.2
2021-07-19 00:43:00,82.58,41.4
2021-07-19 01:13:00,82.22,41.6
2021-07-19 01:43:00,81.86,41.8
2021-07-19 02:13:00,81.32,42
2021-07-19 02:43:00,80.96,42.2
2021-07-19 03:13:00,80.6,42.4
2021-07-19 03:43:00,80.06,42.5
2021-07-19 04:13:00,79.88,42.5
2021-07-19 04:43:00,79.52,42.6
2021-07-19 05:13:00,79.34,42.6
2021-07-19 05:43:00,79.16,42.5
2021-07-19 06:13:00,78.98,42.5
2021-07-19 06:43:00,78.8,42.4
2021-07-19 07:13:00,78.8,42.2
2021-07-19 07:43:00,78.8,41.9
2021-07-19 08:13:00,79.16,41.5
2021-07-19 08:43:00,79.88,40.8
2021-07-19 09:13:00,80.42,40.1
2021-07-19 09:43:00,80.96,39.5
2021-07-19 10:13:00,81.86,38.8
2021-07-19 10:43:00,82.76,37.9
2021-07-19 11:13:00,83.84,37
2021-07-19 11:43:00,85.28,36.1
2021-07-19 12:13:00,86.18,35.6
2021-07-19 12:43:00,87.08,35
2021-07-19 13:13:00,88.16,34.4
2021-07-19 13:43:00,89.06,34.1
2021-07-19 14:13:00,89.42,34
2021-07-19 14:43:00,89.96,33.8
2021-07-19 15:13:00,90.32,33.7
2021-07-19 15:43:00,90.86,33.6
2021-07-19 16:13:00,91.04,33.6
2021-07-19 16:43:00,90.86,33.8
2021-07-19 17:13:00,90.68,34.1
2021-07-19 17:43:00,90.5,34.5
2021-07-19 18:13:00,90.14,35
2021-07-19 18:43:00,89.6,35.7
2021-07-19 19:13:00,88.88,36.4
2021-07-19 19:43:00,88.16,37.2
2021-07-19 20:13:00,87.26,38
2021-07-19 20:43:00,86.54,38.6
2021-07-19 21:13:00,85.82,39.2
2021-07-19 21:43:00,85.28,39.7
2021-07-19 22:13:00,84.74,40.2
2021-07-19 22:43:00,84.38,40.5
2021-07-19 23:13:00,83.84,40.8
2021-07-19 23:43:00,83.48,41
2021-07-20 00:13:00,83.12,41.3
2021-07-20 00:43:00,82.58,41.6
2021-07-20 01:13:00,82.22,41.8
2021-07-20 01:43:00,81.86,41.9
2021-07-20 02:13:00,81.68,42
2021-07-20 02:43:00,81.5,42
2021-07-20 03:13:00,80.96,42.1
2021-07-20 03:43:00,80.78,42.3
2021-07-20 04:13:00,80.24,42.5
2021-07-20 04:43:00,79.88,42.7
2021-07-20 05:13:00,79.52,42.8
2021-07-20 05:43:00,78.98,43
2021-07-20 06:13:00,78.8,43.1
2021-07-20 06:43:00,78.44,43.1
2021-07-20 07:13:00,78.26,43.1
2021-07-20 07:43:00,78.44,42.8
2021-07-20 08:13:00,78.8,42.3
2021-07-20 08:43:00,79.52,41.6
2021-07-20 09:13:00,80.24,40.6
2021-07-20 09:43:00,81.14,39.7
2021-07-20 10:13:00,82.22,38.8
2021-07-20 10:43:00,83.3,37.8
2021-07-20 11:13:00,84.38,37
2021-07-20 11:43:00,85.28,36.4
2021-07-20 12:13:00,86.36,35.8
2021-07-20 12:43:00,87.26,35.3
2021-07-20 13:13:00,88.16,34.9
2021-07-20 13:43:00,88.88,34.5
2021-07-20 14:13:00,89.42,34.4
2021-07-20 14:43:00,89.96,34.2
2021-07-20 15:13:00,90.32,34.1
2021-07-20 15:43:00,90.68,34
2021-07-20 16:13:00,90.32,34.2
2021-07-20 16:43:00,90.14,34.5
2021-07-20 17:13:00,90.32,34.7
2021-07-20 17:43:00,90.14,34.9
2021-07-20 18:13:00,89.96,35.4
2021-07-20 18:43:00,89.42,36
2021-07-20 19:13:00,88.88,36.7
2021-07-20 19:43:00,87.98,37.5
2021-07-20 20:13:00,87.08,38.3
2021-07-20 20:43:00,86.36,39
2021-07-20 21:13:00,85.64,39.6
2021-07-20 21:43:00,85.1,40.2
2021-07-20 22:13:00,84.56,40.7
2021-07-20 22:43:00,84.02,41.1
2021-07-20 23:13:00,83.48,41.4
2021-07-20 23:43:00,83.12,41.7
2021-07-21 00:13:00,82.58,41.9
2021-07-21 00:43:00,82.4,42.1
2021-07-21 01:13:00,82.04,42.2
2021-07-21 01:43:00,81.68,42.3
2021-07-21 02:13:00,81.32,42.4
2021-07-21 02:43:00,81.14,42.5
2021-07-21 03:13:00,80.78,42.7
2021-07-21 03:43:00,80.42,42.8
2021-07-21 04:13:00,80.06,42.9
2021-07-21 04:43:00,79.88,42.9
2021-07-21 05:13:00,79.7,43
2021-07-21 05:43:00,79.34,43
2021-07-21 06:13:00,79.16,43
2021-07-21 06:43:00,78.98,43
2021-07-21 07:13:00,78.98,42.9
2021-07-21 07:43:00,78.98,42.6
2021-07-21 08:13:00,79.16,42.3
2021-07-21 08:43:00,79.52,41.9
2021-07-21 09:13:00,80.06,41.3
2021-07-21 09:43:00,80.78,40.5
2021-07-21 10:13:00,81.68,39.7
2021-07-21 10:43:00,82.4,39
2021-07-21 11:13:00,83.12,38.4
2021-07-21 11:43:00,83.84,37.8
2021-07-21 12:13:00,84.56,37.4
2021-07-21 12:43:00,85.28,36.9
2021-07-21 13:13:00,85.82,36.5
2021-07-21 13:43:00,86,36.5
2021-07-21 14:13:00,86.36,36.4
2021-07-21 14:43:00,87.08,36.1
2021-07-21 15:13:00,87.44,35.9
2021-07-21 15:43:00,87.98,35.7
2021-07-21 16:13:00,88.16,35.7
2021-07-21 16:43:00,88.52,35.6
2021-07-21 17:13:00,88.52,35.6
2021-07-21 17:43:00,88.34,35.8
2021-07-21 18:13:00,88.16,36.2
2021-07-21 18:43:00,87.62,36.9
2021-07-21 19:13:00,87.08,37.6
2021-07-21 19:43:00,86.18,38.2
2021-07-21 20:13:00,85.46,38.9
2021-07-21 20:43:00,84.92,39.5
2021-07-21 21:13:00,84.38,40.1
2021-07-21 21:43:00,83.84,40.5
2021-07-21 22:13:00,83.48,40.9
2021-07-21 22:43:00,82.94,41.2
2021-07-21 23:13:00,82.58,41.6
2021-07-21 23:43:00,82.22,41.8
2021-07-22 00:13:00,81.86,42
2021-07-22 00:43:00,81.5,42.1
2021-07-22 01:13:00,81.14,42.4
2021-07-22 01:43:00,80.78,42.5
2021-07-22 02:13:00,80.42,42.7
2021-07-22 02:43:00,80.06,42.8
2021-07-22 03:13:00,79.88,42.9
2021-07-22 03:43:00,79.52,43
2021-07-22 04:13:00,79.34,43
2021-07-22 04:43:00,78.98,43.1
2021-07-22 05:13:00,78.8,43.1
2021-07-22 05:43:00,78.62,43.1
2021-07-22 06:13:00,78.44,43.1
2021-07-22 06:43:00,78.26,43.1
2021-07-22 07:13:00,78.08,43
2021-07-22 07:43:00,78.44,42.7
2021-07-22 08:13:00,78.98,42.1
2021-07-22 08:43:00,79.52,41.3
2021-07-22 09:13:00,80.42,40.5
2021-07-22 09:43:00,81.5,39.6
2021-07-22 10:13:00,82.4,38.7
2021-07-22 10:43:00,82.94,38.2
