Time,M3-IN-TEMP,M3-IN-RH
2021-05-12 10:16:00,76.46,63.4
2021-05-26 05:46:00,68.72,78.8
2021-05-26 06:16:00,68.54,78.9
2021-05-26 06:46:00,69.08,79.7
2021-05-26 07:16:00,72.5,76.3
2021-05-26 07:46:00,75.92,70.5
2021-05-26 08:16:00,78.26,66.4
2021-05-26 08:46:00,80.42,63.1
2021-05-26 09:16:00,81.86,60.5
2021-05-26 09:46:00,82.58,59
2021-05-26 10:16:00,82.04,59.6
2021-05-26 10:46:00,81.86,60.6
2021-05-26 11:16:00,83.48,57.4
2021-05-26 11:46:00,86,54.5
2021-05-26 12:16:00,86.9,53.2
2021-05-26 12:46:00,88.16,51.4
2021-05-26 13:16:00,89.06,49.3
2021-05-26 13:46:00,90.14,47.7
2021-05-26 14:16:00,89.24,47.5
2021-05-26 14:46:00,88.88,46.9
2021-05-26 15:16:00,88.7,46.4
2021-05-26 15:46:00,87.8,47.7
2021-05-26 16:16:00,88.16,47.4
2021-05-26 16:46:00,86.72,49.3
2021-05-26 17:16:00,86,49.5
2021-05-26 17:46:00,84.92,51
2021-05-26 18:16:00,84.02,52.1
2021-05-26 18:46:00,82.04,54.6
2021-05-26 19:16:00,80.06,57.9
2021-05-26 19:46:00,78.62,60.4
2021-05-26 20:16:00,77.72,62.5
2021-05-26 20:46:00,77,64.4
2021-05-26 21:16:00,76.28,65.2
2021-05-26 21:46:00,75.56,66.7
2021-05-26 22:16:00,75.02,67.1
2021-05-26 22:46:00,74.3,68
2021-05-26 23:16:00,73.58,68.7
2021-05-26 23:46:00,73.04,69.3
2021-05-27 00:16:00,72.86,69.6
2021-05-27 00:46:00,72.32,70.2
2021-05-27 01:16:00,72.14,70.9
2021-05-27 01:46:00,71.6,70.9
2021-05-27 02:16:00,71.06,72
2021-05-27 02:46:00,70.88,72.2
2021-05-27 03:16:00,69.98,72.7
2021-05-27 03:46:00,69.44,73.3
2021-05-27 04:16:00,69.08,73.7
2021-05-27 04:46:00,68.72,73.9
2021-05-27 05:16:00,68.18,73.9
2021-05-27 05:46:00,68.36,74.7
2021-05-27 06:16:00,68.54,75.6
2021-05-27 06:46:00,69.44,76.5
2021-05-27 07:16:00,72.32,74.2
2021-05-27 07:46:00,75.2,70.8
2021-05-27 08:16:00,78.26,65.7
2021-05-27 08:46:00,78.44,65.5
2021-05-27 09:16:00,80.24,63.2
2021-05-27 09:46:00,81.32,60.8
2021-05-27 10:16:00,82.4,58.4
2021-05-27 10:46:00,84.2,55.1
2021-05-27 11:16:00,82.4,55.1
2021-05-27 11:46:00,81.86,56.8
2021-05-27 12:16:00,82.04,56.6
2021-05-27 12:46:00,81.5,55.8
2021-05-27 13:16:00,83.66,54.1
2021-05-27 13:46:00,83.48,53.8
2021-05-27 14:16:00,83.12,53.6
2021-05-27 14:46:00,82.58,54.9
2021-05-27 15:16:00,82.76,55.1
2021-05-27 15:46:00,82.76,55.1
2021-05-27 16:16:00,83.12,55
2021-05-27 16:46:00,83.12,55
2021-05-27 17:16:00,83.12,55
2021-05-27 17:46:00,82.22,56.3
2021-05-27 18:16:00,81.32,57.4
2021-05-27 18:46:00,79.7,59.6
2021-05-27 19:16:00,78.08,62.1
2021-05-27 19:46:00,76.64,64.1
2021-05-27 20:16:00,75.92,65.3
2021-05-27 20:46:00,75.02,66.4
2021-05-27 21:16:00,74.3,67.2
2021-05-27 21:46:00,73.58,68.4
2021-05-27 22:16:00,73.4,68.6
2021-05-27 22:46:00,73.22,68.9
2021-05-27 23:16:00,73.22,69.3
2021-05-27 23:46:00,72.86,70
2021-05-28 00:16:00,72.32,71.6
2021-05-28 00:46:00,71.78,72.4
2021-05-28 01:16:00,71.24,72.7
2021-05-28 01:46:00,70.7,73
2021-05-28 02:16:00,70.16,73.4
2021-05-28 02:46:00,69.62,73.7
2021-05-28 03:16:00,69.98,74.4
2021-05-28 03:46:00,69.62,74.2
2021-05-28 04:16:00,69.08,74.8
2021-05-28 04:46:00,68.72,75.1
2021-05-28 05:16:00,68.18,75.1
2021-05-28 05:46:00,67.82,75.6
2021-05-28 06:16:00,67.82,75.5
2021-05-28 06:46:00,68.54,75.2
2021-05-28 07:16:00,71.96,71.1
2021-05-28 07:46:00,75.56,67.6
2021-05-28 08:16:00,75.56,66
2021-05-28 08:46:00,77.9,65.1
2021-05-28 09:16:00,76.46,65.7
2021-05-28 09:46:00,78.26,63.5
2021-05-28 10:16:00,79.52,61.2
2021-05-28 10:46:00,77.9,63.2
2021-05-28 11:16:00,81.32,59.5
2021-05-28 11:46:00,80.42,59.3
2021-05-28 12:16:00,80.06,60.1
2021-05-28 12:46:00,82.22,56.9
2021-05-28 13:16:00,81.68,56.3
2021-05-28 13:46:00,83.3,53.7
2021-05-28 14:16:00,83.48,53.1
2021-05-28 14:46:00,83.84,51.7
2021-05-28 15:16:00,84.56,50.7
2021-05-28 15:46:00,84.38,50.1
2021-05-28 16:16:00,84.92,49.6
2021-05-28 16:46:00,84.92,49.9
2021-05-28 17:16:00,84.2,50.8
2021-05-28 17:46:00,83.48,52
2021-05-28 18:16:00,82.22,53.7
2021-05-28 18:46:00,80.42,56.2
2021-05-28 19:16:00,78.44,59.8
2021-05-28 19:46:00,77.18,62
2021-05-28 20:16:00,76.28,62.8
2021-05-28 20:46:00,75.56,63.8
2021-05-28 21:16:00,75.02,65.1
2021-05-28 21:46:00,74.3,66.2
2021-05-28 22:16:00,73.76,67.2
2021-05-28 22:46:00,73.22,67.8
2021-05-28 23:16:00,72.68,68.4
2021-05-28 23:46:00,72.32,68.6
2021-05-29 00:16:00,71.6,69.1
2021-05-29 00:46:00,70.7,69.8
2021-05-29 01:16:00,69.98,70.4
2021-05-29 01:46:00,69.44,71.2
2021-05-29 02:16:00,69.44,71.1
2021-05-29 02:46:00,69.08,71.2
2021-05-29 03:16:00,68.54,71.4
2021-05-29 03:46:00,67.64,71.6
2021-05-29 04:16:00,67.1,71.5
2021-05-29 04:46:00,66.38,71.2
2021-05-29 05:16:00,65.84,71.3
2021-05-29 05:46:00,65.48,71
2021-05-29 06:16:00,65.48,70.9
2021-05-29 06:46:00,66.38,72.4
2021-05-29 07:16:00,70.16,68.6
2021-05-29 07:46:00,74.3,62.9
2021-05-29 08:16:00,77.36,58.8
2021-05-29 08:46:00,80.06,55.1
2021-05-29 09:16:00,78.98,55.1
2021-05-29 09:46:00,78.44,57.3
2021-05-29 10:16:00,79.88,56.2
2021-05-29 10:46:00,80.78,55.4
2021-05-29 11:16:00,80.42,56.1
2021-05-29 11:46:00,82.4,53.6
2021-05-29 12:16:00,80.96,55.2
2021-05-29 12:46:00,81.5,55.2
2021-05-29 13:16:00,81.86,54.6
2021-05-29 13:46:00,82.76,52.7
2021-05-29 14:16:00,82.76,53.1
2021-05-29 14:46:00,83.12,53.3
2021-05-29 15:16:00,83.66,53.1
2021-05-29 15:46:00,82.58,54
2021-05-29 16:16:00,81.32,56.1
2021-05-29 16:46:00,80.78,57.7
2021-05-29 17:16:00,79.88,58.9
2021-05-29 17:46:00,78.26,62.1
2021-05-29 18:16:00,77,64.4
2021-05-29 18:46:00,77,64.7
2021-05-29 19:16:00,75.56,66.8
2021-05-29 19:46:00,74.48,68.6
2021-05-29 20:16:00,73.58,69.3
2021-05-29 20:46:00,72.68,70.1
2021-05-29 21:16:00,71.78,70.7
2021-05-29 21:46:00,70.88,70.6
2021-05-29 22:16:00,70.52,70.9
2021-05-29 22:46:00,69.98,71
2021-05-29 23:16:00,69.08,71.2
2021-05-29 23:46:00,68.36,71.1
2021-05-30 00:16:00,68,71.2
2021-05-30 00:46:00,67.28,71
2021-05-30 01:16:00,66.74,71.1
2021-05-30 01:46:00,66.38,71.5
2021-05-30 02:16:00,66.02,71.9
2021-05-30 02:46:00,65.48,72.2
2021-05-30 03:16:00,65.12,72.4
2021-05-30 03:46:00,64.94,72.9
2021-05-30 04:16:00,64.58,73.4
2021-05-30 04:46:00,64.04,73.2
2021-05-30 05:16:00,63.86,73.5
2021-05-30 05:46:00,63.5,73.7
2021-05-30 06:16:00,63.5,74.3
2021-05-30 06:46:00,64.04,76.1
2021-05-30 07:16:00,67.82,73.9
2021-05-30 07:46:00,72.14,69.3
2021-05-30 08:16:00,75.02,66.6
2021-05-30 08:46:00,78.08,63.3
2021-05-30 09:16:00,80.78,59.7
2021-05-30 09:46:00,79.16,60.4
2021-05-30 10:16:00,80.42,60.1
2021-05-30 10:46:00,79.88,60.5
2021-05-30 11:16:00,81.68,60.1
2021-05-30 11:46:00,85.28,55.1
2021-05-30 12:16:00,86.72,52.6
2021-05-30 12:46:00,87.8,51
2021-05-30 13:16:00,88.34,49.9
2021-05-30 13:46:00,89.06,49.2
2021-05-30 14:16:00,89.78,48.7
2021-05-30 14:46:00,90.32,47.8
2021-05-30 15:16:00,91.04,47
2021-05-30 15:46:00,90.86,46.8
2021-05-30 16:16:00,90.86,47
2021-05-30 16:46:00,91.22,46.7
2021-05-30 17:16:00,90.14,47.7
2021-05-30 17:46:00,89.96,48.1
2021-05-30 18:16:00,89.42,48.4
2021-05-30 18:46:00,87.44,50.1
2021-05-30 19:16:00,83.84,54.6
2021-05-30 19:46:00,81.5,58.2
2021-05-30 20:16:00,79.88,60.8
2021-05-30 20:46:00,78.62,62.6
2021-05-30 21:16:00,77.54,64
2021-05-30 21:46:00,76.64,65
2021-05-30 22:16:00,75.74,66
2021-05-30 22:46:00,74.84,66.7
2021-05-30 23:16:00,74.12,67.8
2021-05-30 23:46:00,73.4,67.9
2021-05-31 00:16:00,72.32,68.2
2021-05-31 00:46:00,71.6,68.6
2021-05-31 01:16:00,70.88,68.8
2021-05-31 01:46:00,70.16,68.9
2021-05-31 02:16:00,69.44,69.2
2021-05-31 02:46:00,68.9,69.2
2021-05-31 03:16:00,68.18,69.4
2021-05-31 03:46:00,67.64,69.4
2021-05-31 04:16:00,67.28,69.9
2021-05-31 04:46:00,66.74,69.9
2021-05-31 05:16:00,66.2,70.3
2021-05-31 05:46:00,66.02,70.8
2021-05-31 06:16:00,66.38,71.3
2021-05-31 06:46:00,68.36,71.4
2021-05-31 07:16:00,71.96,67.6
2021-05-31 07:46:00,73.04,67
2021-05-31 08:16:00,77,61.9
2021-05-31 08:46:00,80.42,56.3
2021-05-31 09:16:00,83.48,52.8
2021-05-31 09:46:00,83.3,53.4
2021-05-31 10:16:00,82.94,54.2
2021-05-31 10:46:00,85.1,52.3
2021-05-31 11:16:00,87.8,49.1
2021-05-31 11:46:00,89.06,48.3
2021-05-31 12:16:00,89.96,48.1
2021-05-31 12:46:00,90.5,47.7
2021-05-31 13:16:00,91.22,46.6
2021-05-31 13:46:00,92.3,45.6
2021-05-31 14:16:00,93.56,44.4
2021-05-31 14:46:00,92.48,45.6
2021-05-31 15:16:00,92.84,44.9
2021-05-31 15:46:00,93.56,44.6
2021-05-31 16:16:00,93.56,44.3
2021-05-31 16:46:00,92.66,44.9
2021-05-31 17:16:00,91.94,45.6
2021-05-31 17:46:00,91.04,46.3
2021-05-31 18:16:00,89.6,47.7
2021-05-31 18:46:00,87.44,50.2
2021-05-31 19:16:00,84.56,53.9
2021-05-31 19:46:00,82.4,56.8
2021-05-31 20:16:00,80.78,58.9
2021-05-31 20:46:00,79.52,60.6
2021-05-31 21:16:00,78.44,61.9
2021-05-31 21:46:00,77.36,63
2021-05-31 22:16:00,76.28,64.1
2021-05-31 22:46:00,75.38,65.3
2021-05-31 23:16:00,74.66,65.8
2021-05-31 23:46:00,73.94,66.4
2021-06-01 00:16:00,73.04,67.3
2021-06-01 00:46:00,72.68,67.9
2021-06-01 01:16:00,72.14,68.5
2021-06-01 01:46:00,71.78,69.1
2021-06-01 02:16:00,71.06,69.8
2021-06-01 02:46:00,70.7,70.2
2021-06-01 03:16:00,70.52,70
2021-06-01 03:46:00,70.7,70.4
2021-06-01 04:16:00,70.16,70.3
2021-06-01 04:46:00,69.62,70.6
2021-06-01 05:16:00,69.08,71.5
2021-06-01 05:46:00,69.26,71.1
2021-06-01 06:16:00,69.44,71.5
2021-06-01 06:46:00,69.62,71.8
2021-06-01 07:16:00,73.04,67.8
2021-06-01 07:46:00,76.64,66
2021-06-01 08:16:00,79.88,62.3
2021-06-01 08:46:00,81.14,62.8
2021-06-01 09:16:00,82.76,59.3
2021-06-01 09:46:00,81.86,62
2021-06-01 10:16:00,83.12,60.6
2021-06-01 10:46:00,82.94,60.5
2021-06-01 11:16:00,83.66,59.4
2021-06-01 11:46:00,84.56,59.5
2021-06-01 12:16:00,86,54.4
2021-06-01 12:46:00,86.9,53.3
2021-06-01 13:16:00,87.08,52.3
2021-06-01 13:46:00,86.9,52.7
2021-06-01 14:16:00,87.08,52.4
2021-06-01 14:46:00,87.8,51.2
2021-06-01 15:16:00,87.44,50.9
2021-06-01 15:46:00,88.34,50.4
2021-06-01 16:16:00,88.16,50.8
2021-06-01 16:46:00,87.8,51.1
2021-06-01 17:16:00,87.26,51.5
2021-06-01 17:46:00,86.18,52.1
2021-06-01 18:16:00,84.74,53.7
2021-06-01 18:46:00,82.94,56.1
2021-06-01 19:16:00,80.78,59.3
2021-06-01 19:46:00,79.34,61.2
2021-06-01 20:16:00,78.26,62.5
2021-06-01 20:46:00,77.36,63.9
2021-06-01 21:16:00,76.64,64.9
2021-06-01 21:46:00,76.1,65.8
2021-06-01 22:16:00,75.56,66.4
2021-06-01 22:46:00,75.02,67
2021-06-01 23:16:00,75.2,66.7
2021-06-01 23:46:00,74.12,67.9
2021-06-02 00:16:00,73.58,69.3
2021-06-02 00:46:00,73.4,70
2021-06-02 01:16:00,73.76,69.6
2021-06-02 01:46:00,73.76,69.3
2021-06-02 02:16:00,73.76,69.5
2021-06-02 02:46:00,73.04,70.3
2021-06-02 03:16:00,72.32,71.4
2021-06-02 03:46:00,71.42,72
2021-06-02 04:16:00,71.06,72.5
2021-06-02 04:46:00,70.7,72.7
2021-06-02 05:16:00,70.34,73.5
2021-06-02 05:46:00,70.16,73.5
2021-06-02 06:16:00,70.16,73.7
2021-06-02 06:46:00,71.24,72.2
2021-06-02 07:16:00,74.48,67.8
2021-06-02 07:46:00,74.66,68
2021-06-02 08:16:00,74.3,70.3
2021-06-02 08:46:00,76.46,68.2
2021-06-02 09:16:00,80.24,62.4
2021-06-02 09:46:00,82.76,56.2
2021-06-02 10:16:00,82.76,53.9
2021-06-02 10:46:00,81.32,56.3
2021-06-02 11:16:00,84.02,50.9
2021-06-02 11:46:00,84.56,48
2021-06-02 12:16:00,85.46,46.3
2021-06-02 12:46:00,85.82,46.4
2021-06-02 13:16:00,86.18,47.1
2021-06-02 13:46:00,86.9,46.2
2021-06-02 14:16:00,86.36,47
2021-06-02 14:46:00,86.36,48.5
2021-06-02 15:16:00,85.64,48.9
2021-06-02 15:46:00,85.46,49.2
2021-06-02 16:16:00,86.54,48.2
2021-06-02 16:46:00,86.9,47.8
2021-06-02 17:16:00,86.36,48.5
2021-06-02 17:46:00,85.28,50.4
2021-06-02 18:16:00,83.66,52.6
2021-06-02 18:46:00,81.86,55.4
2021-06-02 19:16:00,80.06,57.4
2021-06-02 19:46:00,78.8,59.2
2021-06-02 20:16:00,77.9,60.8
2021-06-02 20:46:00,77.18,61.6
2021-06-02 21:16:00,76.28,63
2021-06-02 21:46:00,75.92,64
2021-06-02 22:16:00,75.38,65
2021-06-02 22:46:00,75.38,65.8
2021-06-02 23:16:00,75.38,65.6
2021-06-02 23:46:00,75.02,66
2021-06-03 00:16:00,74.48,67.3
2021-06-03 00:46:00,74.48,67.2
2021-06-03 01:16:00,74.12,67.9
2021-06-03 01:46:00,73.4,68.4
2021-06-03 02:16:00,72.68,69.2
2021-06-03 02:46:00,72.32,69.8
2021-06-03 03:16:00,71.96,70.3
2021-06-03 03:46:00,71.6,71.4
2021-06-03 04:16:00,71.24,71.5
2021-06-03 04:46:00,71.06,71.6
2021-06-03 05:16:00,70.7,72
2021-06-03 05:46:00,70.52,72.9
2021-06-03 06:16:00,70.52,72.6
2021-06-03 06:46:00,71.42,72.1
2021-06-03 07:16:00,75.02,67.3
2021-06-03 07:46:00,78.26,61.8
2021-06-03 08:16:00,77.36,63.2
2021-06-03 08:46:00,77.72,63
2021-06-03 09:16:00,79.52,63
2021-06-03 09:46:00,80.6,59.5
2021-06-03 10:16:00,79.52,61.6
2021-06-03 10:46:00,78.8,62.8
2021-06-03 11:16:00,78.62,64
2021-06-03 11:46:00,78.62,63.7
2021-06-03 12:16:00,79.16,62.6
2021-06-03 12:46:00,80.24,61.6
2021-06-03 13:16:00,80.96,60.7
2021-06-03 13:46:00,82.58,59
2021-06-03 14:16:00,82.94,58.3
2021-06-03 14:46:00,82.94,57.4
2021-06-03 15:16:00,82.4,57.3
2021-06-03 15:46:00,84.02,55.2
2021-06-03 16:16:00,84.56,54.4
2021-06-03 16:46:00,84.38,54.3
2021-06-03 17:16:00,84.2,54.6
2021-06-03 17:46:00,82.76,56.3
2021-06-03 18:16:00,82.22,57.1
2021-06-03 18:46:00,81.32,58.3
2021-06-03 19:16:00,80.06,60.3
2021-06-03 19:46:00,79.16,61.8
2021-06-03 20:16:00,78.08,63.5
2021-06-03 20:46:00,77,65.9
2021-06-03 21:16:00,76.28,68
2021-06-03 21:46:00,75.92,68.6
2021-06-03 22:16:00,75.74,69.4
2021-06-03 22:46:00,75.38,70.3
2021-06-03 23:16:00,75.2,70.3
2021-06-03 23:46:00,74.66,70.7
2021-06-04 00:16:00,74.48,71.3
2021-06-04 00:46:00,74.48,71.2
2021-06-04 01:16:00,73.76,71.9
2021-06-04 01:46:00,73.04,72.9
2021-06-04 02:16:00,72.5,73.5
2021-06-04 02:46:00,72.86,73.2
2021-06-04 03:16:00,72.32,73.5
2021-06-04 03:46:00,72.5,73.4
2021-06-04 04:16:00,72.32,73.5
2021-06-04 04:46:00,72.32,73.4
2021-06-04 05:16:00,72.32,73.6
2021-06-04 05:46:00,72.32,73.4
2021-06-04 06:16:00,72.5,73.3
2021-06-04 06:46:00,73.04,72.7
2021-06-04 07:16:00,73.4,73.2
2021-06-04 07:46:00,75.56,70.5
2021-06-04 08:16:00,79.88,62.9
2021-06-04 08:46:00,79.88,61.8
2021-06-04 09:16:00,79.52,62.4
2021-06-04 09:46:00,79.88,61.4
2021-06-04 10:16:00,79.7,61.1
2021-06-04 10:46:00,84.2,55.6
2021-06-04 11:16:00,85.1,53
2021-06-04 11:46:00,86.36,50.2
2021-06-04 12:16:00,84.74,50.2
2021-06-04 12:46:00,84.92,50.6
2021-06-04 13:16:00,84.74,50.1
2021-06-04 13:46:00,85.64,48.8
2021-06-04 14:16:00,85.82,48.6
2021-06-04 14:46:00,85.28,48.7
2021-06-04 15:16:00,84.56,49.7
2021-06-04 15:46:00,83.84,51.1
2021-06-04 16:16:00,83.48,52.8
2021-06-04 16:46:00,84.02,52.4
2021-06-04 17:16:00,83.48,53.6
2021-06-04 17:46:00,83.12,54.1
2021-06-04 18:16:00,83.12,54.2
2021-06-04 18:46:00,82.76,54.3
2021-06-04 19:16:00,81.14,56
2021-06-04 19:46:00,80.06,57.6
2021-06-04 20:16:00,79.34,58.8
2021-06-04 20:46:00,78.98,59.6
2021-06-04 21:16:00,78.08,60.4
2021-06-04 21:46:00,76.64,62.2
2021-06-04 22:16:00,75.56,63.8
2021-06-04 22:46:00,75.02,64.7
2021-06-04 23:16:00,74.48,65.6
2021-06-04 23:46:00,74.48,65.1
2021-06-05 00:16:00,73.94,65.9
2021-06-05 00:46:00,73.76,65.9
2021-06-05 01:16:00,73.76,65.8
2021-06-05 01:46:00,72.5,67.3
2021-06-05 02:16:00,71.96,68.3
2021-06-05 02:46:00,71.24,68.9
2021-06-05 03:16:00,70.52,70
2021-06-05 03:46:00,69.98,70.2
2021-06-05 04:16:00,69.8,70.7
2021-06-05 04:46:00,69.62,71.2
2021-06-05 05:16:00,69.08,71.1
2021-06-05 05:46:00,68.36,71.8
2021-06-05 06:16:00,68.36,72.5
2021-06-05 06:46:00,69.26,72.2
2021-06-05 07:16:00,72.86,67.6
2021-06-05 07:46:00,76.28,62.2
2021-06-05 08:16:00,77.36,59.4
2021-06-05 08:46:00,78.08,60.2
2021-06-05 09:16:00,81.86,55.2
2021-06-05 09:46:00,83.12,52.5
2021-06-05 10:16:00,85.46,50.8
2021-06-05 10:46:00,83.84,51.9
2021-06-05 11:16:00,83.48,52.2
2021-06-05 11:46:00,84.74,52.2
2021-06-05 12:16:00,87.08,48.8
2021-06-05 12:46:00,86.9,48.9
2021-06-05 13:16:00,85.28,50.2
2021-06-05 13:46:00,85.82,50.1
2021-06-05 14:16:00,86.72,48.2
2021-06-05 14:46:00,87.08,47.3
2021-06-05 15:16:00,87.44,47.1
2021-06-05 15:46:00,86.36,47.9
2021-06-05 16:16:00,85.28,49.3
2021-06-05 16:46:00,85.46,49.6
2021-06-05 17:16:00,85.64,49
2021-06-05 17:46:00,85.46,48.7
2021-06-05 18:16:00,85.1,48.9
2021-06-05 18:46:00,84.02,49.8
2021-06-05 19:16:00,81.68,52.5
2021-06-05 19:46:00,79.34,55.3
2021-06-05 20:16:00,77.9,57.4
2021-06-05 20:46:00,76.82,58.8
2021-06-05 21:16:00,75.92,60.2
2021-06-05 21:46:00,75.38,61.4
2021-06-05 22:16:00,74.48,62.2
2021-06-05 22:46:00,73.76,63.4
2021-06-05 23:16:00,73.22,64.1
2021-06-05 23:46:00,72.68,64.8
2021-06-06 00:16:00,71.96,65.6
2021-06-06 00:46:00,71.42,66.2
2021-06-06 01:16:00,71.24,66.5
2021-06-06 01:46:00,70.52,66.9
2021-06-06 02:16:00,69.98,67.9
2021-06-06 02:46:00,69.98,70
2021-06-06 03:16:00,69.98,68.8
2021-06-06 03:46:00,70.34,68.5
2021-06-06 04:16:00,70.34,68.3
2021-06-06 04:46:00,69.44,69.2
2021-06-06 05:16:00,69.08,70
2021-06-06 05:46:00,69.26,69.6
2021-06-06 06:16:00,69.98,69.1
2021-06-06 06:46:00,70.52,68.7
2021-06-06 07:16:00,73.4,65
2021-06-06 07:46:00,76.82,60
2021-06-06 08:16:00,78.62,57.7
2021-06-06 08:46:00,79.52,56.1
2021-06-06 09:16:00,82.04,53.3
2021-06-06 09:46:00,83.48,51.3
2021-06-06 10:16:00,85.1,49.9
2021-06-06 10:46:00,83.84,50.1
2021-06-06 11:16:00,86,48.7
2021-06-06 11:46:00,88.16,46.1
2021-06-06 12:16:00,86.18,47.4
2021-06-06 12:46:00,85.1,49.1
2021-06-06 13:16:00,83.66,50.8
2021-06-06 13:46:00,81.14,55.2
2021-06-06 14:16:00,81.68,55.2
2021-06-06 14:46:00,81.14,56.1
2021-06-06 15:16:00,80.96,56.5
2021-06-06 15:46:00,83.3,53.8
2021-06-06 16:16:00,83.66,52.8
2021-06-06 16:46:00,83.66,52.6
2021-06-06 17:16:00,82.76,53.4
2021-06-06 17:46:00,81.86,54.4
2021-06-06 18:16:00,80.42,56.8
2021-06-06 18:46:00,78.98,59.3
2021-06-06 19:16:00,77.72,61.6
2021-06-06 19:46:00,76.64,63
2021-06-06 20:16:00,76.28,63.7
2021-06-06 20:46:00,75.56,64.4
2021-06-06 21:16:00,74.66,65.7
2021-06-06 21:46:00,74.12,66.3
2021-06-06 22:16:00,73.58,67
2021-06-06 22:46:00,73.04,67.5
2021-06-06 23:16:00,72.5,68.5
2021-06-06 23:46:00,72.68,68.4
2021-06-07 00:16:00,72.14,68.7
2021-06-07 00:46:00,71.24,69.9
2021-06-07 01:16:00,70.7,70.5
2021-06-07 01:46:00,70.52,70.8
2021-06-07 02:16:00,70.16,71.1
2021-06-07 02:46:00,69.8,71.9
2021-06-07 03:16:00,69.62,72.2
2021-06-07 03:46:00,68.9,72.8
2021-06-07 04:16:00,68.36,72.7
2021-06-07 04:46:00,67.82,72.9
2021-06-07 05:16:00,67.1,72.9
2021-06-07 05:46:00,66.74,72.8
2021-06-07 06:16:00,67.1,73.6
2021-06-07 06:46:00,68.18,72.5
2021-06-07 07:16:00,71.42,70.5
2021-07-14 01:16:00,72.5,73.1
2021-07-14 01:46:00,72.14,73.5
2021-07-14 02:16:00,71.78,73.7
2021-07-14 02:46:00,71.42,73.8
2021-07-14 03:16:00,71.24,74
2021-07-14 03:46:00,71.06,73.9
2021-07-14 04:16:00,70.88,74.4
2021-07-14 04:46:00,70.88,74.4
2021-07-14 05:16:00,70.52,75.4
2021-07-14 05:46:00,70.34,76.4
2021-07-14 06:16:00,70.52,77.1
2021-07-14 06:46:00,71.06,76.2
2021-07-14 07:16:00,73.04,76
2021-07-14 07:46:00,75.92,73.1
2021-07-14 08:16:00,77.54,71.1
2021-07-14 08:46:00,79.16,68.5
2021-07-14 09:16:00,78.26,69
2021-07-14 09:46:00,78.8,68.1
2021-07-14 10:16:00,79.52,67.4
2021-07-14 10:46:00,81.14,64
2021-07-14 11:16:00,81.68,64.3
2021-07-14 11:46:00,80.78,64.7
2021-07-14 12:16:00,81.68,67.1
2021-07-14 12:46:00,83.66,64.8
2021-07-14 13:16:00,84.2,63
2021-07-14 13:46:00,82.22,64.1
2021-07-14 14:16:00,80.78,68.5
2021-07-14 14:46:00,80.42,71
2021-07-14 15:16:00,79.88,72.4
2021-07-14 15:46:00,79.16,73.4
2021-07-14 16:16:00,79.16,73.6
2021-07-14 16:46:00,80.78,71.4
2021-07-14 17:16:00,80.78,70.2
2021-07-14 17:46:00,79.34,71.9
2021-07-14 18:16:00,78.44,73.2
2021-07-14 18:46:00,77.36,74.4
2021-07-14 19:16:00,76.82,75.3
2021-07-14 19:46:00,76.1,75.9
2021-07-14 20:16:00,75.38,76.7
2021-07-14 20:46:00,74.66,77.1
2021-07-14 21:16:00,74.12,77.5
2021-07-14 21:46:00,73.76,77.8
2021-07-14 22:16:00,73.22,78.2
2021-07-14 22:46:00,72.68,78.8
2021-07-14 23:16:00,72.5,79
2021-07-14 23:46:00,72.32,79.4
2021-07-15 00:16:00,72.14,79.2
2021-07-15 00:46:00,71.42,79.2
2021-07-15 01:16:00,71.06,80
2021-07-15 01:46:00,70.88,80.2
2021-07-15 02:16:00,70.7,80.1
2021-07-15 02:46:00,70.16,79.8
2021-07-15 03:16:00,69.44,79.1
2021-07-15 03:46:00,68.9,79.2
2021-07-15 04:16:00,68.36,78.7
2021-07-15 04:46:00,67.82,78.6
2021-07-15 05:16:00,67.64,79.3
2021-07-15 05:46:00,67.28,78.8
2021-07-15 06:16:00,66.74,78.6
2021-07-15 06:46:00,67.28,79.5
2021-07-15 07:16:00,69.8,79.8
2021-07-15 07:46:00,73.94,75.9
2021-07-15 08:16:00,77,71.5
2021-07-15 08:46:00,78.26,70.1
2021-07-15 09:16:00,78.08,67.7
2021-07-15 09:46:00,80.24,66.6
2021-07-15 10:16:00,82.04,63.1
2021-07-15 10:46:00,82.4,62
2021-07-15 11:16:00,81.68,62.7
2021-07-15 11:46:00,82.04,61.8
2021-07-15 12:16:00,83.3,59.9
2021-07-15 12:46:00,83.12,59.5
2021-07-15 13:16:00,82.4,60.7
2021-07-15 13:46:00,82.58,61.3
2021-07-15 14:16:00,82.58,60.2
2021-07-15 14:46:00,82.94,59.6
2021-07-15 15:16:00,82.94,59.6
2021-07-15 15:46:00,85.1,57.5
2021-07-15 16:16:00,86,55.4
2021-07-15 16:46:00,85.46,56.3
2021-07-15 17:16:00,84.56,57
2021-07-15 17:46:00,83.66,58.2
2021-07-15 18:16:00,82.94,59.5
2021-07-15 18:46:00,82.4,60.6
2021-07-15 19:16:00,81.5,61.5
2021-07-15 19:46:00,79.7,63.9
2021-07-15 20:16:00,78.26,65.9
2021-07-15 20:46:00,77.36,67.3
2021-07-15 21:16:00,76.46,68.4
2021-07-15 21:46:00,75.92,69.1
2021-07-15 22:16:00,75.2,70
2021-07-15 22:46:00,75.02,70.6
2021-07-15 23:16:00,75.02,70.8
2021-07-15 23:46:00,75.02,70.9
2021-07-16 00:16:00,75.02,71.4
2021-07-16 00:46:00,75.02,71.6
2021-07-16 01:16:00,74.12,72.7
2021-07-16 01:46:00,73.94,73.3
2021-07-16 02:16:00,73.4,74.1
2021-07-16 02:46:00,72.86,74.7
2021-07-16 03:16:00,73.22,74.5
2021-07-16 03:46:00,72.86,74.8
2021-07-16 04:16:00,72.14,75.4
2021-07-16 04:46:00,71.78,76
2021-07-16 05:16:00,71.42,76.5
2021-07-16 05:46:00,70.88,76.4
2021-07-16 06:16:00,70.34,76.6
2021-07-16 06:46:00,70.88,77.1
2021-07-16 07:16:00,73.22,76.1
2021-07-16 07:46:00,76.28,72.3
2021-07-16 08:16:00,79.52,67.3
2021-07-16 08:46:00,77.54,68.3
2021-07-16 09:16:00,77.18,69.7
2021-07-16 09:46:00,79.34,67.8
2021-07-16 10:16:00,79.52,66.4
2021-07-16 10:46:00,79.52,65.2
2021-07-16 11:16:00,80.42,63.7
2021-07-16 11:46:00,80.6,63.1
2021-07-16 12:16:00,80.96,62
2021-07-16 12:46:00,81.5,60.9
2021-07-16 13:16:00,82.94,57.5
2021-07-16 13:46:00,83.48,57.4
2021-07-16 14:16:00,83.66,55.4
2021-07-16 14:46:00,84.56,53.8
2021-07-16 15:16:00,85.28,53
2021-07-16 15:46:00,84.92,53.8
2021-07-16 16:16:00,85.1,54.1
2021-07-16 16:46:00,84.56,54.6
2021-07-16 17:16:00,84.2,55.2
2021-07-16 17:46:00,83.66,55.8
2021-07-16 18:16:00,82.76,56.6
2021-07-16 18:46:00,82.04,57.8
2021-07-16 19:16:00,80.06,60.2
2021-07-16 19:46:00,78.26,62.4
2021-07-16 20:16:00,77.18,64
2021-07-16 20:46:00,76.28,65.3
2021-07-16 21:16:00,75.74,66.5
2021-07-16 21:46:00,75.2,67.4
2021-07-16 22:16:00,74.66,68.4
2021-07-16 22:46:00,74.48,68.7
2021-07-16 23:16:00,74.12,70.2
2021-07-16 23:46:00,73.58,70.8
2021-07-17 00:16:00,72.86,71.1
2021-07-17 00:46:00,72.32,71.7
2021-07-17 01:16:00,72.14,71.9
2021-07-17 01:46:00,71.96,72.2
2021-07-17 02:16:00,72.14,71.9
2021-07-17 02:46:00,72.14,71.6
2021-07-17 03:16:00,71.6,72.3
2021-07-17 03:46:00,71.42,72.9
2021-07-17 04:16:00,71.06,73.6
2021-07-17 04:46:00,71.42,73.5
2021-07-17 05:16:00,70.34,74.2
2021-07-17 05:46:00,69.98,75
2021-07-17 06:16:00,69.98,75.2
2021-07-17 06:46:00,70.7,75.3
2021-07-17 07:16:00,71.96,74.5
2021-07-17 07:46:00,75.92,68.2
2021-07-17 08:16:00,79.16,63.6
2021-07-17 08:46:00,80.06,60.4
2021-07-17 09:16:00,79.7,61.4
2021-07-17 09:46:00,82.94,58.3
2021-07-17 10:16:00,82.22,58.1
2021-07-17 10:46:00,82.76,57.8
2021-07-17 11:16:00,82.58,57.9
2021-07-17 11:46:00,81.32,58.9
2021-07-17 12:16:00,82.04,61.4
2021-07-17 12:46:00,85.46,57.8
2021-07-17 13:16:00,85.1,57.8
2021-07-17 13:46:00,85.1,58.5
2021-07-17 14:16:00,84.56,60
2021-07-17 14:46:00,86.36,57.7
2021-07-17 15:16:00,86.54,57
2021-07-17 15:46:00,86.36,57.6
2021-07-17 16:16:00,85.82,58
2021-07-17 16:46:00,85.82,57.7
2021-07-17 17:16:00,85.46,57.8
2021-07-17 17:46:00,85.46,57.4
2021-07-17 18:16:00,84.56,57.5
2021-07-17 18:46:00,83.12,58.8
2021-07-17 19:16:00,80.96,61.6
2021-07-17 19:46:00,79.34,64
2021-07-17 20:16:00,78.44,65.3
2021-07-17 20:46:00,77.54,66.9
2021-07-17 21:16:00,76.82,67.8
2021-07-17 21:46:00,76.28,68.6
2021-07-17 22:16:00,75.74,69.4
2021-07-17 22:46:00,75.56,70
2021-07-17 23:16:00,75.56,70.2
2021-07-17 23:46:00,75.2,70.9
2021-07-18 00:16:00,74.66,71.7
2021-07-18 00:46:00,74.3,72
2021-07-18 01:16:00,73.76,72.7
2021-07-18 01:46:00,73.4,73
2021-07-18 02:16:00,72.86,73.3
2021-07-18 02:46:00,72.68,73.8
2021-07-18 03:16:00,72.5,73.7
2021-07-18 03:46:00,71.96,74.2
2021-07-18 04:16:00,71.78,74.6
2021-07-18 04:46:00,71.42,75.3
2021-07-18 05:16:00,71.06,76.2
2021-07-18 05:46:00,71.06,77.6
2021-07-18 06:16:00,71.06,77.3
2021-07-18 06:46:00,71.78,76.4
2021-07-18 07:16:00,73.22,74.6
2021-07-18 07:46:00,75.2,71.9
2021-07-18 08:16:00,75.74,71.1
2021-07-18 08:46:00,76.1,70.7
2021-07-18 09:16:00,78.26,69.6
2021-07-18 09:46:00,82.22,63.8
2021-07-18 10:16:00,82.76,61.3
2021-07-18 10:46:00,81.14,64.2
2021-07-18 11:16:00,83.66,62
2021-07-18 11:46:00,83.48,61.1
2021-07-18 12:16:00,84.2,60.4
2021-07-18 12:46:00,83.48,60.9
2021-07-18 13:16:00,83.12,61.5
2021-07-18 13:46:00,83.3,61.5
2021-07-18 14:16:00,84.92,59.9
2021-07-18 14:46:00,85.82,57.6
2021-07-18 15:16:00,84.02,58.5
2021-07-18 15:46:00,82.76,60.3
2021-07-18 16:16:00,81.14,63.1
2021-07-18 16:46:00,81.68,61.9
2021-07-18 17:16:00,82.04,61.7
2021-07-18 17:46:00,82.4,60.8
2021-07-18 18:16:00,81.86,60.7
2021-07-18 18:46:00,80.96,61.5
2021-07-18 19:16:00,79.7,62.6
2021-07-18 19:46:00,78.62,64.4
2021-07-18 20:16:00,77.54,66.3
2021-07-18 20:46:00,76.64,67.6
2021-07-18 21:16:00,76.1,68.7
2021-07-18 21:46:00,75.56,69.8
2021-07-18 22:16:00,74.84,70.4
2021-07-18 22:46:00,74.48,71.1
2021-07-18 23:16:00,74.12,71.6
2021-07-18 23:46:00,74.3,71.7
2021-07-19 00:16:00,74.48,71.2
2021-07-19 00:46:00,74.12,71.4
2021-07-19 01:16:00,73.4,73.1
2021-07-19 01:46:00,72.86,73.7
2021-07-19 02:16:00,72.68,74
2021-07-19 02:46:00,72.5,73.7
2021-07-19 03:16:00,71.6,74.5
2021-07-19 03:46:00,71.24,74.9
2021-07-19 04:16:00,71.06,76.6
2021-07-19 04:46:00,71.06,76.2
2021-07-19 05:16:00,70.88,76.7
2021-07-19 05:46:00,71.24,76.5
2021-07-19 06:16:00,71.24,76.4
2021-07-19 06:46:00,71.78,75.9
2021-07-19 07:16:00,72.32,75
2021-07-19 07:46:00,73.22,75
2021-07-19 08:16:00,73.94,74.9
2021-07-19 08:46:00,75.38,74.7
2021-07-19 09:16:00,77.36,71.6
2021-07-19 09:46:00,77.72,71.6
2021-07-19 10:16:00,80.6,67.7
2021-07-19 10:46:00,81.32,63.6
2021-07-19 11:16:00,80.6,65.3
2021-07-19 11:46:00,80.78,64.7
2021-07-19 12:16:00,81.14,63.7
2021-07-19 12:46:00,83.3,60.2
2021-07-19 13:16:00,84.2,57.6
2021-07-19 13:46:00,84.74,56.8
2021-07-19 14:16:00,84.92,56.1
2021-07-19 14:46:00,85.46,55.5
2021-07-19 15:16:00,85.64,55.2
2021-07-19 15:46:00,84.74,56.2
2021-07-19 16:16:00,85.46,55.4
2021-07-19 16:46:00,86.18,54.3
2021-07-19 17:16:00,86.36,53.9
2021-07-19 17:46:00,85.46,54.1
2021-07-19 18:16:00,84.2,55.9
2021-07-19 18:46:00,82.76,57.2
2021-07-19 19:16:00,80.78,59.6
2021-07-19 19:46:00,79.16,62.1
2021-07-19 20:16:00,78.26,64.4
2021-07-19 20:46:00,77.54,65.8
2021-07-19 21:16:00,76.64,66.9
2021-07-19 21:46:00,76.28,67.3
2021-07-19 22:16:00,75.92,68.6
2021-07-19 22:46:00,75.56,68.8
2021-07-19 23:16:00,75.74,68.7
2021-07-19 23:46:00,74.84,70.3
2021-07-20 00:16:00,74.48,71.1
2021-07-20 00:46:00,74.48,70.6
2021-07-20 01:16:00,74.3,71.2
2021-07-20 01:46:00,73.94,71.5
2021-07-20 02:16:00,73.04,72.4
2021-07-20 02:46:00,72.68,73.2
2021-07-20 03:16:00,73.22,72.2
2021-07-20 03:46:00,72.68,72.2
2021-07-20 04:16:00,71.96,73.3
2021-07-20 04:46:00,71.78,74.2
2021-07-20 05:16:00,71.42,74.8
2021-07-20 05:46:00,70.88,74.8
2021-07-20 06:16:00,70.7,75.2
2021-07-20 06:46:00,70.88,75.6
2021-07-20 07:16:00,73.04,74.6
2021-07-20 07:46:00,76.1,69.2
2021-07-20 08:16:00,77.72,66.7
2021-07-20 08:46:00,79.34,64.5
2021-07-20 09:16:00,78.98,64.2
2021-07-20 09:46:00,78.98,63
2021-07-20 10:16:00,78.8,64.4
2021-07-20 10:46:00,81.5,62.6
2021-07-20 11:16:00,83.66,58.4
2021-07-20 11:46:00,84.2,56.6
2021-07-20 12:16:00,84.38,57.5
2021-07-20 12:46:00,84.74,55.3
2021-07-20 13:16:00,82.76,57.4
2021-07-20 13:46:00,83.84,56.4
2021-08-28 16:16:00,86.54,51.4
2021-08-28 16:46:00,85.82,51.2
2021-08-28 17:16:00,85.1,50.9
2021-08-28 17:46:00,84.02,52
2021-08-28 18:16:00,82.76,53.8
2021-08-28 18:46:00,80.78,56.9
2021-08-28 19:16:00,78.98,59.4
2021-08-28 19:46:00,78.08,61.1
2021-08-28 20:16:00,77.18,62.8
2021-08-28 20:46:00,76.46,63.6
2021-08-28 21:16:00,75.74,64.5
2021-08-28 21:46:00,75.38,65.5
2021-08-28 22:16:00,74.66,66.1
2021-08-28 22:46:00,74.12,66.7
2021-08-28 23:16:00,73.58,68
2021-08-28 23:46:00,73.22,68.5
2021-08-29 00:16:00,72.86,68.7
2021-08-29 00:46:00,72.14,69.5
2021-08-29 01:16:00,71.6,70.1
2021-08-29 01:46:00,71.24,70.7
2021-08-29 02:16:00,70.88,71
2021-08-29 02:46:00,70.34,71.5
2021-08-29 03:16:00,69.62,71.7
2021-08-29 03:46:00,69.26,72.4
2021-08-29 04:16:00,68.54,72.2
2021-08-29 04:46:00,68.54,72.8
2021-08-29 05:16:00,68.18,73
2021-08-29 05:46:00,67.64,73
2021-08-29 06:16:00,67.28,73.5
2021-08-29 06:46:00,67.64,73.7
2021-08-29 07:16:00,69.44,72.2
2021-08-29 07:46:00,73.58,66.9
2021-08-29 08:16:00,76.46,62.9
2021-08-29 08:46:00,78.44,60.8
2021-08-29 09:16:00,79.88,59
2021-08-29 09:46:00,82.76,56.2
2021-08-29 10:16:00,84.74,53.5
2021-08-29 10:46:00,86.36,51.5
2021-08-29 11:16:00,84.02,54
2021-08-29 11:46:00,81.32,57.9
2021-08-29 12:16:00,78.98,62.7
2021-08-29 12:46:00,79.34,63.7
2021-08-29 13:16:00,80.42,63.9
2021-08-29 13:46:00,82.94,60.5
2021-08-29 14:16:00,85.46,57.9
2021-08-29 14:46:00,86,56.4
2021-08-29 15:16:00,85.28,57.5
2021-08-29 15:46:00,85.82,56.5
2021-08-29 16:16:00,85.64,55.9
2021-08-29 16:46:00,85.64,55.1
2021-08-29 17:16:00,85.28,54.6
2021-08-29 17:46:00,84.38,55.4
2021-08-29 18:16:00,83.12,56.8
2021-08-29 18:46:00,80.6,60.1
2021-08-29 19:16:00,78.98,62.7
2021-08-29 19:46:00,77.9,64.4
2021-08-29 20:16:00,77.18,65.4
2021-08-29 20:46:00,76.46,66.3
2021-08-29 21:16:00,75.56,67.1
2021-08-29 21:46:00,75.02,67.9
2021-08-29 22:16:00,74.48,69.1
2021-08-29 22:46:00,74.12,69.8
2021-08-29 23:16:00,74.12,70.7
2021-08-29 23:46:00,73.76,71.1
2021-08-30 00:16:00,73.22,71.8
2021-08-30 00:46:00,73.04,72.7
2021-08-30 01:16:00,73.22,72.2
2021-08-30 01:46:00,73.4,71.7
2021-08-30 02:16:00,73.4,71.3
2021-08-30 02:46:00,73.22,71.6
2021-08-30 03:16:00,73.22,71.4
2021-08-30 03:46:00,72.86,71.5
2021-08-30 04:16:00,72.86,71.7
2021-08-30 04:46:00,71.96,72.4
2021-08-30 05:16:00,71.24,73.3
2021-08-30 05:46:00,70.7,74.2
2021-08-30 06:16:00,70.52,74.4
2021-08-30 06:46:00,70.52,74.5
2021-08-30 07:16:00,72.32,72.9
2021-08-30 07:46:00,76.46,64.9
2021-08-30 08:16:00,78.26,61.3
2021-08-30 08:46:00,80.78,57.9
2021-08-30 09:16:00,82.22,55
2021-08-30 09:46:00,83.84,51.9
2021-08-30 10:16:00,83.3,53
2021-08-30 10:46:00,82.04,56.6
2021-08-30 11:16:00,83.48,53.8
2021-08-30 11:46:00,82.58,56.2
2021-08-30 12:16:00,83.12,54.7
2021-08-30 12:46:00,83.48,54.2
2021-08-30 13:16:00,83.12,54.4
2021-08-30 13:46:00,84.02,53.4
2021-08-30 14:16:00,84.56,52.5
2021-08-30 14:46:00,85.28,51.9
2021-08-30 15:16:00,84.38,53.4
2021-08-30 15:46:00,86.18,50.8
2021-08-30 16:16:00,85.82,50.9
2021-08-30 16:46:00,84.92,52.1
2021-08-30 17:16:00,84.92,52.3
2021-08-30 17:46:00,83.66,53.5
2021-08-30 18:16:00,81.86,55.7
2021-08-30 18:46:00,80.78,57.2
2021-08-30 19:16:00,79.7,58.8
2021-08-30 19:46:00,78.44,60.5
2021-08-30 20:16:00,77.36,61.8
2021-08-30 20:46:00,76.82,62.9
2021-08-30 21:16:00,75.92,63.8
2021-08-30 21:46:00,75.38,64.7
2021-08-30 22:16:00,74.84,65.1
2021-08-30 22:46:00,74.3,65.8
2021-08-30 23:16:00,73.94,66.4
2021-08-30 23:46:00,73.58,66.5
2021-08-31 00:16:00,72.86,67.6
2021-08-31 00:46:00,72.32,68.2
2021-08-31 01:16:00,71.96,68.8
2021-08-31 01:46:00,71.78,69.4
2021-08-31 02:16:00,71.24,69.9
2021-08-31 02:46:00,70.7,70.8
2021-08-31 03:16:00,70.16,71.1
2021-08-31 03:46:00,69.62,71.2
2021-08-31 04:16:00,68.9,71.4
2021-08-31 04:46:00,68.54,72
2021-08-31 05:16:00,68.36,71.7
2021-08-31 05:46:00,67.64,72.1
2021-08-31 06:16:00,67.1,72.5
2021-08-31 06:46:00,67.28,72.9
2021-08-31 07:16:00,69.26,73.2
2021-08-31 07:46:00,72.86,70.9
2021-08-31 08:16:00,76.46,65.8
2021-08-31 08:46:00,78.98,62.7
2021-08-31 09:16:00,79.16,59.9
2021-08-31 09:46:00,77.36,63.7
2021-08-31 10:16:00,78.26,65
2021-08-31 10:46:00,77.72,64.3
2021-08-31 11:16:00,77.72,63.5
2021-08-31 11:46:00,78.26,63.1
2021-08-31 12:16:00,80.06,59.7
2021-08-31 12:46:00,80.24,58.7
2021-08-31 13:16:00,80.24,59
2021-08-31 13:46:00,80.78,57.4
2021-08-31 14:16:00,80.6,58.4
2021-08-31 14:46:00,80.78,58.9
2021-08-31 15:16:00,80.96,58.9
2021-08-31 15:46:00,81.5,57.8
2021-08-31 16:16:00,81.5,58
2021-08-31 16:46:00,81.14,59.8
2021-08-31 17:16:00,81.32,60.4
2021-08-31 17:46:00,80.6,60.9
2021-08-31 18:16:00,80.06,61.6
2021-08-31 18:46:00,78.8,63.2
2021-08-31 19:16:00,77.54,64.7
2021-08-31 19:46:00,77,65.6
2021-08-31 20:16:00,76.28,66.2
2021-08-31 20:46:00,75.38,67.7
2021-08-31 21:16:00,74.66,68.7
2021-08-31 21:46:00,74.12,69.7
2021-08-31 22:16:00,73.58,70.5
2021-08-31 22:46:00,73.04,71.1
2021-08-31 23:16:00,72.5,71.8
2021-08-31 23:46:00,72.32,72.2
2021-09-01 00:16:00,71.96,72.5
2021-09-01 00:46:00,71.78,72.7
2021-09-01 01:16:00,71.42,72.8
2021-09-01 01:46:00,71.06,73
2021-09-01 02:16:00,70.7,73.5
2021-09-01 02:46:00,70.52,73.7
2021-09-01 03:16:00,70.16,73.9
2021-09-01 03:46:00,69.98,73.9
2021-09-01 04:16:00,69.62,74.2
2021-09-01 04:46:00,68.72,74.5
2021-09-01 05:16:00,68.18,74.9
2021-09-01 05:46:00,67.64,74.9
2021-09-01 06:16:00,67.28,75.1
2021-09-01 06:46:00,67.28,75.4
2021-09-01 07:16:00,69.08,74.6
2021-09-01 07:46:00,73.58,69.5
2021-09-01 08:16:00,76.64,65.2
2021-09-01 08:46:00,78.62,63.5
2021-09-01 09:16:00,80.42,60.8
2021-09-01 09:46:00,82.22,55.5
2021-09-01 10:16:00,82.94,53.3
2021-09-01 10:46:00,81.68,57.1
2021-09-01 11:16:00,81.32,58.5
2021-09-01 11:46:00,81.68,58.5
2021-09-01 12:16:00,81.68,58.5
2021-09-01 12:46:00,82.04,58.8
2021-09-01 13:16:00,82.22,58
2021-09-01 13:46:00,82.22,58.1
2021-09-01 14:16:00,82.58,58.3
2021-09-01 14:46:00,82.76,58.8
2021-09-01 15:16:00,82.22,59.3
2021-09-01 15:46:00,81.68,59.9
2021-09-01 16:16:00,81.68,60.9
2021-09-01 16:46:00,81.5,62.4
2021-09-01 17:16:00,81.86,62.5
2021-09-01 17:46:00,81.86,62.4
2021-09-01 18:16:00,80.6,63.6
2021-09-01 18:46:00,79.16,65.7
2021-09-01 19:16:00,78.08,67.4
2021-09-01 19:46:00,77.36,68.1
2021-09-01 20:16:00,76.82,69
2021-09-01 20:46:00,76.28,69.6
2021-09-01 21:16:00,76.1,69.7
2021-09-01 21:46:00,75.92,69.9
2021-09-01 22:16:00,75.92,69.9
2021-09-01 22:46:00,75.56,70.2
2021-09-01 23:16:00,74.66,71.3
2021-09-01 23:46:00,74.3,71.8
2021-09-02 00:16:00,73.76,72.7
2021-09-02 00:46:00,73.58,72.7
2021-09-02 01:16:00,73.04,73.4
2021-09-02 01:46:00,72.86,73.6
2021-09-02 02:16:00,73.04,73.2
2021-09-02 02:46:00,73.22,73
2021-09-02 03:16:00,73.4,73.2
2021-09-02 03:46:00,73.04,74.6
2021-09-02 04:16:00,72.86,74.7
2021-09-02 04:46:00,72.32,75.1
2021-09-02 05:16:00,71.78,75.9
2021-09-02 05:46:00,71.24,76.3
2021-09-02 06:16:00,70.88,76.7
2021-09-02 06:46:00,70.88,76.7
2021-09-02 07:16:00,72.68,75.7
2021-09-02 07:46:00,76.28,72.6
2021-09-02 08:16:00,78.62,68.5
2021-09-02 08:46:00,80.96,65.2
2021-09-02 09:16:00,81.14,63
2021-09-02 09:46:00,82.04,62.4
2021-09-02 10:16:00,84.38,60.3
2021-09-02 10:46:00,83.66,59.7
2021-09-02 11:16:00,84.38,60.1
2021-09-02 11:46:00,84.2,58.8
2021-09-02 12:16:00,84.02,58.9
2021-09-02 12:46:00,84.2,58.8
2021-09-02 13:16:00,85.28,58
2021-09-02 13:46:00,86,55.8
2021-09-02 14:16:00,84.74,57.1
2021-09-02 14:46:00,84.2,58.1
2021-09-02 15:16:00,83.48,59.1
2021-09-02 15:46:00,84.74,58
2021-09-02 16:16:00,85.1,57.1
2021-09-02 16:46:00,84.92,57.2
2021-09-02 17:16:00,84.56,57.2
2021-09-02 17:46:00,83.66,58
2021-09-02 18:16:00,82.4,59.3
2021-09-02 18:46:00,80.78,61.5
2021-09-02 19:16:00,79.34,63.8
2021-09-02 19:46:00,78.44,65.4
2021-09-02 20:16:00,77.72,67.1
2021-09-02 20:46:00,77.18,68.4
2021-09-02 21:16:00,76.46,69.4
2021-09-02 21:46:00,75.92,70.4
2021-09-02 22:16:00,75.56,71.2
2021-09-02 22:46:00,75.56,71.4
2021-09-02 23:16:00,75.38,71.7
2021-09-02 23:46:00,74.66,72.4
2021-09-03 00:16:00,74.84,72
2021-09-03 00:46:00,73.94,72.9
2021-09-03 01:16:00,73.22,73.5
2021-09-03 01:46:00,72.68,73.9
2021-09-03 02:16:00,72.5,73.8
2021-09-03 02:46:00,72.32,74.4
2021-09-03 03:16:00,72.68,74.8
2021-09-03 03:46:00,72.32,74.4
2021-09-03 04:16:00,72.32,75.5
2021-09-03 04:46:00,72.32,75.1
2021-09-03 05:16:00,72.14,75
2021-09-03 05:46:00,71.96,74.4
2021-09-03 06:16:00,71.78,72.4
2021-09-03 06:46:00,71.6,73.4
2021-09-03 07:16:00,72.86,72.2
2021-09-03 07:46:00,74.84,67
2021-09-03 08:16:00,76.82,65.1
2021-09-03 08:46:00,78.8,62
2021-09-04 11:16:00,85.46,53
2021-09-04 11:46:00,86.18,52.6
2021-09-04 12:16:00,86.54,51.5
2021-09-04 12:46:00,86.54,51.1
2021-09-04 13:16:00,86.54,51.1
2021-09-04 13:46:00,87.26,50.9
2021-09-04 14:16:00,87.8,49.9
2021-09-04 14:46:00,88.16,49
2021-09-04 15:16:00,88.34,48.2
2021-09-04 15:46:00,87.98,48.3
2021-09-04 16:16:00,87.62,48.5
2021-09-04 16:46:00,87.08,48.9
2021-09-04 17:16:00,86,49.7
2021-09-04 17:46:00,84.92,50.9
2021-09-04 18:16:00,83.48,53.1
2021-09-04 18:46:00,81.32,55.9
2021-09-04 19:16:00,79.88,58.6
2021-09-04 19:46:00,78.62,60.7
2021-09-04 20:16:00,77.72,62.7
2021-09-04 20:46:00,77.18,63.4
2021-09-04 21:16:00,76.64,63.7
2021-09-04 21:46:00,75.92,65.2
2021-09-04 22:16:00,75.38,66.4
2021-09-04 22:46:00,74.66,67
2021-09-04 23:16:00,74.3,67.5
2021-09-04 23:46:00,73.76,68
2021-09-05 00:16:00,73.22,68.6
2021-09-05 00:46:00,72.86,69.3
2021-09-05 01:16:00,72.68,70.7
2021-09-05 01:46:00,72.32,70.8
2021-09-05 02:16:00,71.96,71.6
2021-09-05 02:46:00,71.6,72.1
2021-09-05 03:16:00,71.06,72.6
2021-09-05 03:46:00,70.88,72.3
2021-09-05 04:16:00,70.88,72.1
2021-09-05 04:46:00,70.52,72.5
2021-09-05 05:16:00,70.16,73.3
2021-09-05 05:46:00,69.98,73.2
2021-09-05 06:16:00,69.8,73.3
2021-09-05 06:46:00,69.98,72.8
2021-09-05 07:16:00,71.6,71.5
2021-09-05 07:46:00,75.02,66.9
2021-09-05 08:16:00,77.36,63.3
2021-09-05 08:46:00,80.24,59.5
2021-09-05 09:16:00,80.42,58.5
2021-09-05 09:46:00,80.42,58
2021-09-05 10:16:00,83.48,56
2021-09-05 10:46:00,84.02,55.1
2021-09-05 11:16:00,84.56,54.3
2021-09-05 11:46:00,81.86,57.2
2021-09-05 12:16:00,80.96,59.9
2021-09-05 12:46:00,82.76,60.8
2021-09-05 13:16:00,84.56,57.7
2021-09-05 13:46:00,86.72,54
2021-09-05 14:16:00,84.56,56.3
2021-09-05 14:46:00,84.74,55.9
2021-09-05 15:16:00,83.12,57.8
2021-09-05 15:46:00,81.68,60.1
2021-09-05 16:16:00,81.68,60.1
2021-09-05 16:46:00,81.68,59.8
2021-09-05 17:16:00,82.22,59.2
2021-09-05 17:46:00,81.68,59.2
2021-09-05 18:16:00,80.78,59.9
2021-09-05 18:46:00,79.34,61.4
2021-09-05 19:16:00,78.44,62.8
2021-09-05 19:46:00,77.54,64
2021-09-05 20:16:00,77,64.9
2021-09-05 20:46:00,76.82,65.4
2021-09-05 21:16:00,76.46,65.7
2021-09-05 21:46:00,75.56,66.8
2021-09-05 22:16:00,74.66,68
2021-09-05 22:46:00,73.76,68.9
2021-09-05 23:16:00,72.86,69.8
2021-09-05 23:46:00,72.5,70.4
2021-09-06 00:16:00,71.96,70.7
2021-09-06 00:46:00,71.24,71.1
2021-09-06 01:16:00,70.7,71.8
2021-09-06 01:46:00,69.98,71.8
2021-09-06 02:16:00,69.8,72.6
2021-09-06 02:46:00,69.8,72.6
2021-09-06 03:16:00,69.62,72.5
2021-09-06 03:46:00,69.8,73.1
2021-09-06 04:16:00,69.8,73.5
2021-09-06 04:46:00,69.8,74.5
2021-09-06 05:16:00,69.98,74.4
2021-09-06 05:46:00,70.16,74.5
2021-09-06 06:16:00,70.16,75.2
2021-09-06 06:46:00,70.52,76
2021-09-06 07:16:00,71.24,74.9
2021-09-06 07:46:00,72.32,73.7
2021-09-06 08:16:00,76.28,69.4
2021-09-06 08:46:00,76.82,67.6
2021-09-06 09:16:00,76.28,67.6
2021-09-06 09:46:00,75.92,68.4
2021-09-06 10:16:00,78.44,66.8
2021-09-06 10:46:00,82.22,61.6
2021-09-06 11:16:00,83.12,59.3
2021-09-06 11:46:00,84.02,57.1
2021-09-06 12:16:00,84.38,56.6
2021-09-06 12:46:00,83.3,57.9
2021-09-06 13:16:00,82.76,58.5
2021-09-06 13:46:00,83.12,57.9
2021-09-06 14:16:00,83.3,58
2021-09-06 14:46:00,83.84,56.5
2021-09-06 15:16:00,84.74,55.5
2021-09-06 15:46:00,85.46,54.4
2021-09-06 16:16:00,84.56,55.2
2021-09-06 16:46:00,85.1,54.4
2021-09-06 17:16:00,83.84,55
2021-09-06 17:46:00,82.94,56.6
2021-09-06 18:16:00,80.96,58.9
2021-09-06 18:46:00,79.16,61.7
2021-09-06 19:16:00,77.9,63.9
2021-09-06 19:46:00,77,65.8
2021-09-06 20:16:00,76.46,67.3
2021-09-06 20:46:00,75.92,68.3
2021-09-06 21:16:00,75.38,69.4
2021-09-06 21:46:00,75.02,70
2021-09-06 22:16:00,74.48,70.6
2021-09-06 22:46:00,73.94,71.1
2021-09-06 23:16:00,73.58,71.4
2021-09-06 23:46:00,72.68,72.1
2021-09-07 00:16:00,72.32,73
2021-09-07 00:46:00,71.96,73.5
2021-09-07 01:16:00,71.96,73.9
2021-09-07 01:46:00,71.6,74.2
2021-09-07 02:16:00,71.06,74.7
2021-09-07 02:46:00,70.88,75.2
2021-09-07 03:16:00,70.88,75.3
2021-09-07 03:46:00,69.98,75.6
2021-09-07 04:16:00,69.26,75.7
2021-09-07 04:46:00,68.72,75.6
2021-09-07 05:16:00,68.72,76
2021-09-07 05:46:00,68.36,75.6
2021-09-07 06:16:00,68.36,77.5
2021-09-07 06:46:00,68.72,77.4
2021-09-07 07:16:00,70.34,76.7
2021-09-07 07:46:00,73.76,73.4
2021-09-07 08:16:00,76.1,70
2021-09-07 08:46:00,78.08,66.4
2021-09-07 09:16:00,79.34,64.1
2021-09-07 09:46:00,80.6,62.5
2021-09-07 10:16:00,81.5,60.5
2021-09-07 10:46:00,82.58,58.9
2021-09-07 11:16:00,82.94,57.5
2021-09-07 11:46:00,83.48,56.9
2021-09-07 12:16:00,83.84,57
2021-09-07 12:46:00,84.2,55.8
2021-09-07 13:16:00,85.1,54.5
2021-09-07 13:46:00,85.46,54
2021-09-07 14:16:00,85.82,53.5
2021-09-07 14:46:00,86,52.8
2021-09-07 15:16:00,85.82,52.6
2021-09-07 15:46:00,86.36,52.1
2021-09-07 16:16:00,86.54,51.9
2021-09-07 16:46:00,85.64,52.4
2021-09-07 17:16:00,84.56,52.9
2021-09-07 17:46:00,83.3,54.5
2021-09-07 18:16:00,81.68,56.7
2021-09-07 18:46:00,79.88,59.4
2021-09-07 19:16:00,78.62,61.6
2021-09-07 19:46:00,77.72,63.5
2021-09-07 20:16:00,77,64.5
2021-09-07 20:46:00,76.46,65
2021-09-07 21:16:00,75.92,66
2021-09-07 21:46:00,75.56,67.8
2021-09-07 22:16:00,74.84,68.6
2021-09-07 22:46:00,74.48,69.4
2021-09-07 23:16:00,74.12,70.3
2021-09-07 23:46:00,73.76,71.1
2021-09-08 00:16:00,73.4,71.5
2021-09-08 00:46:00,73.04,71.9
2021-09-08 01:16:00,72.68,72.5
2021-09-08 01:46:00,72.32,72.5
2021-09-08 02:16:00,71.78,72.7
2021-09-08 02:46:00,71.06,73.3
2021-09-08 03:16:00,71.06,73.7
2021-09-08 03:46:00,70.7,74.1
2021-09-08 04:16:00,70.34,74.3
2021-09-08 04:46:00,69.8,74.4
2021-09-08 05:16:00,69.26,74.9
2021-09-08 05:46:00,68.72,74.7
2021-09-08 06:16:00,68.36,75.1
2021-09-08 06:46:00,68.18,75.3
2021-09-08 07:16:00,69.8,75
2021-09-08 07:46:00,73.94,70.5
2021-09-08 08:16:00,77.18,65.3
2021-09-08 08:46:00,79.16,61.9
2021-09-08 09:16:00,80.06,59.2
2021-09-08 09:46:00,78.62,61
2021-09-08 10:16:00,77.9,62.9
2021-09-08 10:46:00,77.18,65.2
2021-09-08 11:16:00,77.72,64.9
2021-09-08 11:46:00,78.44,64.9
2021-09-08 12:16:00,80.96,61.3
2021-09-08 12:46:00,82.76,58.2
2021-09-08 13:16:00,83.66,57.1
2021-09-08 13:46:00,83.84,56.8
2021-09-08 14:16:00,83.84,55.8
2021-09-08 14:46:00,83.84,56.7
2021-09-08 15:16:00,83.84,55.4
2021-09-08 15:46:00,83.66,54.4
2021-09-08 16:16:00,83.66,54.6
2021-09-08 16:46:00,83.3,56.3
2021-09-08 17:16:00,82.58,58.3
2021-09-08 17:46:00,82.22,58.8
2021-09-08 18:16:00,81.14,59.7
2021-09-08 18:46:00,79.52,61.5
2021-09-08 19:16:00,78.26,63.5
2021-09-08 19:46:00,77.36,65.2
2021-09-08 20:16:00,76.82,66.3
2021-09-08 20:46:00,76.1,66.7
2021-09-08 21:16:00,75.56,67.3
2021-09-08 21:46:00,75.2,67.8
2021-09-08 22:16:00,74.84,68.4
2021-09-08 22:46:00,74.3,69.3
2021-09-08 23:16:00,73.58,69.9
2021-09-08 23:46:00,73.04,70.7
2021-09-09 00:16:00,72.86,71.1
2021-09-09 00:46:00,72.68,71.5
2021-09-09 01:16:00,72.32,71.7
2021-09-09 01:46:00,71.78,72.2
2021-09-09 02:16:00,71.42,73
2021-09-09 02:46:00,71.42,73.2
2021-09-09 03:16:00,71.06,73.5
2021-09-09 03:46:00,70.7,73.8
2021-09-09 04:16:00,70.52,74.4
2021-09-09 04:46:00,70.16,74.7
2021-09-09 05:16:00,69.98,75.3
2021-09-09 05:46:00,69.8,76
2021-09-09 06:16:00,69.8,76.7
2021-09-09 06:46:00,69.98,76.3
2021-09-09 07:16:00,71.42,74.8
2021-09-09 07:46:00,74.84,69.6
2021-09-09 08:16:00,77,66.1
2021-09-09 08:46:00,78.62,63.9
2021-09-09 09:16:00,79.7,61.9
2021-09-09 09:46:00,80.06,60
2021-09-09 10:16:00,81.32,59.8
2021-09-09 10:46:00,82.04,59.1
2021-09-09 11:16:00,82.76,56.8
2021-09-09 11:46:00,83.3,56.5
2021-09-09 12:16:00,83.84,55.4
2021-09-09 12:46:00,84.02,54.9
2021-09-09 13:16:00,84.38,54.4
2021-09-09 13:46:00,84.56,52.2
2021-09-09 14:16:00,84.56,50.8
2021-09-09 14:46:00,84.74,49.7
2021-09-09 15:16:00,84.92,49.1
2021-09-09 15:46:00,85.46,48.7
2021-09-09 16:16:00,85.46,48.1
2021-09-09 16:46:00,84.92,48.7
2021-09-09 17:16:00,84.74,49.5
2021-09-09 17:46:00,83.84,50.8
2021-09-09 18:16:00,82.22,53.6
2021-09-09 18:46:00,80.06,56.5
2021-09-09 19:16:00,78.62,58.5
2021-09-09 19:46:00,77.36,60
2021-09-09 20:16:00,76.46,60.9
2021-09-09 20:46:00,75.74,62
2021-09-09 21:16:00,75.02,62.9
2021-09-09 21:46:00,74.48,64
2021-09-09 22:16:00,73.94,65.1
2021-09-09 22:46:00,73.58,65.8
2021-09-09 23:16:00,73.04,66.5
2021-09-09 23:46:00,72.68,66.7
2021-09-10 00:16:00,71.96,67.3
2021-09-10 00:46:00,71.6,67.7
2021-09-10 01:16:00,71.24,67.9
2021-09-10 01:46:00,70.88,68.4
2021-09-10 02:16:00,70.7,68.9
2021-09-10 02:46:00,70.88,69.2
2021-09-10 03:16:00,70.52,69.3
2021-09-10 03:46:00,70.52,69.3
2021-09-10 04:16:00,70.52,69.2
2021-09-10 04:46:00,70.34,69.7
2021-09-10 05:16:00,70.16,69.8
2021-09-10 05:46:00,69.98,70.6
2021-09-10 06:16:00,69.98,72.8
2021-09-10 06:46:00,70.16,73.5
2021-09-10 07:16:00,71.6,73.3
2021-09-10 07:46:00,74.48,69.5
2021-09-10 08:16:00,76.82,66
2021-09-10 08:46:00,77,66.4
2021-09-10 09:16:00,78.98,62.6
2021-09-10 09:46:00,80.42,59.7
2021-09-10 10:16:00,81.32,57.6
2021-09-10 10:46:00,82.4,55.2
2021-09-10 11:16:00,83.3,52.6
2021-09-10 11:46:00,84.02,50.8
2021-09-10 12:16:00,84.56,49.1
2021-09-10 12:46:00,85.28,48.4
2021-09-10 13:16:00,85.46,48.4
2021-09-10 13:46:00,85.82,48.1
2021-09-10 14:16:00,85.46,48.2
2021-09-10 14:46:00,84.56,48.5
2021-09-10 15:16:00,83.84,49.8
2021-09-10 15:46:00,84.2,50.2
2021-09-10 16:16:00,84.92,49.1
2021-09-10 16:46:00,84.56,49.3
2021-09-10 17:16:00,83.66,49.9
2021-09-10 17:46:00,81.86,51.7
2021-09-10 18:16:00,80.42,54.1
2021-09-10 18:46:00,79.34,56.2
2021-09-10 19:16:00,78.26,58.6
2021-09-10 19:46:00,77.36,59.7
2021-09-10 20:16:00,76.64,61.2
2021-09-10 20:46:00,76.1,63.3
2021-09-10 21:16:00,75.56,64.7
2021-09-10 21:46:00,75.02,66.2
2021-09-10 22:16:00,74.66,66.8
2021-09-10 22:46:00,74.3,67.3
2021-09-10 23:16:00,73.76,67.7
2021-09-10 23:46:00,73.4,68
2021-09-11 00:16:00,72.86,68.6
2021-09-11 00:46:00,72.68,69.1
2021-09-11 01:16:00,72.14,69.4
2021-09-11 01:46:00,71.78,70.1
2021-09-11 02:16:00,71.6,70.3
2021-09-11 02:46:00,71.06,70.6
2021-09-11 03:16:00,70.7,71
2021-09-11 03:46:00,70.52,71.5
2021-09-11 04:16:00,70.34,71.6
2021-09-11 04:46:00,70.34,72.1
2021-09-11 05:16:00,70.16,72.1
2021-09-11 05:46:00,69.98,72.6
2021-09-11 06:16:00,69.98,73
2021-09-11 06:46:00,70.34,72.9
2021-09-11 07:16:00,71.78,71.7
2021-09-11 07:46:00,75.56,66.2
2021-09-11 08:16:00,77.9,62
2021-09-11 08:46:00,79.7,59.1
2021-09-11 09:16:00,82.4,55.5
2021-09-11 09:46:00,84.92,52.5
2021-09-11 10:16:00,84.38,52.4
2021-09-11 10:46:00,86.36,51.6
2021-09-11 11:16:00,85.1,52.2
2021-09-11 11:46:00,84.02,53.5
2021-09-11 12:16:00,84.56,54.2
2021-09-11 12:46:00,85.82,53.1
2021-09-11 13:16:00,87.08,52.1
2021-09-11 13:46:00,88.16,50.5
2021-09-11 14:16:00,88.7,49.8
2021-09-11 14:46:00,88.7,50.1
2021-09-11 15:16:00,88.52,49.5
2021-09-11 15:46:00,87.26,50.5
2021-09-11 16:16:00,86.9,51
2021-09-11 16:46:00,86.72,51.4
2021-09-11 17:16:00,84.56,54.5
2021-09-11 17:46:00,84.38,55.1
2021-09-11 18:16:00,83.12,56.7
2021-09-11 18:46:00,80.96,59.2
2021-09-11 19:16:00,79.52,61.1
2021-09-11 19:46:00,78.44,62.8
2021-09-11 20:16:00,77.9,64.2
2021-09-11 20:46:00,77.18,64.7
2021-09-11 21:16:00,76.64,65.4
2021-09-11 21:46:00,77,64.7
2021-09-11 22:16:00,76.1,66.2
2021-09-11 22:46:00,75.38,67.6
2021-09-11 23:16:00,74.84,68.9
2021-09-11 23:46:00,74.48,69.3
2021-09-12 00:16:00,74.12,69.6
2021-09-12 00:46:00,73.58,70.1
2021-09-12 01:16:00,73.04,70.8
2021-09-12 01:46:00,72.68,71.2
2021-09-12 02:16:00,72.32,71.6
2021-09-12 02:46:00,72.32,72.9
2021-09-12 03:16:00,72.14,73.4
2021-09-12 03:46:00,71.96,73.9
2021-09-12 04:16:00,71.6,74.1
2021-09-12 04:46:00,71.42,74.5
2021-09-12 05:16:00,71.24,75.4
2021-09-12 05:46:00,71.24,75.6
2021-09-12 06:16:00,71.78,75.1
2021-09-12 06:46:00,71.96,74.2
2021-09-12 07:16:00,73.22,72.9
2021-09-12 07:46:00,75.92,68.9
2021-09-12 08:16:00,79.7,63.5
2021-09-12 08:46:00,79.88,62.7
2021-09-12 09:16:00,80.6,60.4
2021-09-12 09:46:00,81.14,61.1
2021-09-12 10:16:00,84.2,56.7
2021-09-12 10:46:00,84.2,55.1
2021-09-12 11:16:00,83.84,56.4
2021-09-12 11:46:00,84.38,54.8
2021-09-12 12:16:00,83.84,56.1
2021-09-12 12:46:00,86,53.8
2021-09-12 13:16:00,87.62,51.7
2021-09-12 13:46:00,87.08,51.5
2021-09-12 14:16:00,87.08,51.9
2021-09-12 14:46:00,87.62,50.7
2021-09-12 15:16:00,87.98,50.4
2021-09-12 15:46:00,88.16,49.9
2021-09-12 16:16:00,86.9,50.7
2021-09-12 16:46:00,85.82,51.6
2021-09-12 17:16:00,84.92,52.9
2021-09-12 17:46:00,83.84,54.4
2021-09-12 18:16:00,82.22,56.2
2021-09-12 18:46:00,80.42,59.3
2021-09-12 19:16:00,79.16,61.3
2021-09-12 19:46:00,78.08,62.3
2021-09-12 20:16:00,77.18,64
2021-09-12 20:46:00,76.46,64.9
2021-09-12 21:16:00,75.92,66.1
2021-09-12 21:46:00,75.56,67
2021-09-12 22:16:00,75.2,67.5
2021-09-12 22:46:00,74.66,68.6
2021-09-12 23:16:00,74.12,68.9
2021-09-12 23:46:00,73.58,69.6
2021-09-13 00:16:00,73.22,70
2021-09-13 00:46:00,72.68,70.5
2021-09-13 01:16:00,72.32,71.1
2021-09-13 01:46:00,71.96,71.6
2021-09-13 02:16:00,71.96,72.1
2021-09-13 02:46:00,71.6,72.5
2021-09-13 03:16:00,71.42,73.2
2021-09-13 03:46:00,71.42,74
2021-09-13 04:16:00,71.24,74.4
2021-09-13 04:46:00,71.06,74.5
2021-09-13 05:16:00,70.7,74.7
2021-09-13 05:46:00,70.16,74.8
2021-09-13 06:16:00,70.34,75.3
2021-09-13 06:46:00,70.88,75
2021-09-13 07:16:00,72.68,73.5
2021-09-13 07:46:00,75.56,68.5
2021-09-13 08:16:00,77.72,64.8
2021-09-13 08:46:00,78.8,62.6
2021-09-13 09:16:00,79.88,60.6
2021-09-13 09:46:00,80.96,58.8
2021-09-13 10:16:00,82.58,56.5
2021-09-13 10:46:00,82.94,55.8
2021-09-13 11:16:00,83.66,55.9
2021-09-13 11:46:00,84.2,55.1
2021-09-13 12:16:00,84.38,54.2
2021-09-13 12:46:00,84.92,53
2021-09-13 13:16:00,85.46,52.3
2021-09-13 13:46:00,85.82,52.1
2021-09-13 14:16:00,86,52.2
2021-09-13 14:46:00,85.46,51.7
2021-09-13 15:16:00,84.56,52.1
2021-09-13 15:46:00,85.1,51.6
2021-09-13 16:16:00,85.82,50.9
2021-09-13 16:46:00,85.46,51.3
2021-09-13 17:16:00,84.92,52.1
2021-09-13 17:46:00,83.84,53.5
2021-09-13 18:16:00,82.4,55.1
2021-09-13 18:46:00,80.78,57.7
2021-09-13 19:16:00,79.34,60
2021-09-13 19:46:00,78.26,61.7
2021-09-13 20:16:00,77.54,63.3
2021-09-13 20:46:00,76.82,64.5
2021-09-13 21:16:00,76.28,65.8
2021-09-13 21:46:00,75.92,66.6
2021-09-13 22:16:00,75.56,67.2
2021-09-13 22:46:00,75.02,67.7
2021-09-13 23:16:00,74.66,68.3
2021-09-13 23:46:00,74.48,68.6
2021-09-14 00:16:00,74.3,69.8
2021-09-14 00:46:00,73.76,71.1
2021-09-14 01:16:00,73.22,71.6
2021-09-14 01:46:00,72.86,72.8
2021-09-14 02:16:00,72.68,72.2
2021-09-14 02:46:00,72.5,73.1
2021-09-14 03:16:00,72.32,73.6
2021-09-14 03:46:00,72.32,74.6
2021-09-14 04:16:00,72.14,75.3
2021-09-14 04:46:00,71.96,75.5
2021-09-14 05:16:00,71.78,76.1
2021-09-14 05:46:00,71.6,76.4
2021-09-14 06:16:00,71.78,76.7
2021-09-14 06:46:00,71.96,76.3
2021-09-14 07:16:00,73.58,75
2021-09-14 07:46:00,76.1,71
2021-09-14 08:16:00,75.56,70.5
2021-09-14 08:46:00,77.18,68.8
2021-09-14 09:16:00,78.98,66.3
2021-09-14 09:46:00,79.16,65
2021-09-14 10:16:00,78.8,64.8
2021-09-14 10:46:00,78.62,65.5
2021-09-14 11:16:00,79.16,64.7
2021-09-14 11:46:00,80.78,62.1
2021-09-14 12:16:00,81.86,61.6
2021-09-14 12:46:00,81.32,60.7
2021-09-14 13:16:00,82.04,60.8
2021-09-14 13:46:00,83.66,58.3
2021-09-14 14:16:00,83.66,57.1
2021-09-14 14:46:00,83.66,57.2
2021-09-14 15:16:00,83.66,56.6
2021-09-14 15:46:00,83.84,57.3
2021-09-14 16:16:00,83.66,57.6
2021-09-14 16:46:00,84.38,56.1
2021-09-14 17:16:00,83.66,56.8
2021-09-14 17:46:00,81.5,59.5
2021-09-14 18:16:00,79.52,63.2
2021-09-14 18:46:00,78.26,65.8
2021-09-14 19:16:00,77.72,66.8
2021-09-14 19:46:00,77,68.1
2021-09-14 20:16:00,76.1,69.5
2021-09-14 20:46:00,75.74,70
2021-09-14 21:16:00,75.56,70
2021-09-14 21:46:00,75.02,71
2021-09-14 22:16:00,74.66,71.8
2021-09-14 22:46:00,74.3,72.3
2021-09-14 23:16:00,73.94,72.4
2021-09-14 23:46:00,73.76,72.9
2021-09-15 00:16:00,73.58,73.1
2021-09-15 00:46:00,73.4,73.9
2021-09-15 01:16:00,73.04,74.1
2021-09-15 01:46:00,72.32,74.8
2021-09-15 02:16:00,71.78,75.5
2021-09-15 02:46:00,71.42,75.9
2021-09-15 03:16:00,70.88,76
2021-09-15 03:46:00,70.52,76.1
2021-09-15 04:16:00,70.34,76.4
2021-09-15 04:46:00,70.52,76.9
2021-09-15 05:16:00,70.16,77.1
2021-09-15 05:46:00,70.16,77.4
2021-09-15 06:16:00,69.98,77.8
2021-09-15 06:46:00,69.98,77.8
2021-09-15 07:16:00,71.24,77
2021-09-15 07:46:00,75.2,71.2
2021-09-15 08:16:00,77.9,66.8
2021-09-15 08:46:00,79.88,63.9
2021-09-15 09:16:00,80.42,62.5
2021-09-15 09:46:00,81.68,57.8
2021-09-15 10:16:00,82.94,54.5
2021-09-15 10:46:00,84.2,53.1
2021-09-15 11:16:00,82.58,56.2
2021-09-15 11:46:00,84.92,53.2
2021-09-15 12:16:00,83.84,52.4
2021-09-15 12:46:00,83.12,53.7
2021-09-15 13:16:00,83.12,53.9
2021-09-15 13:46:00,83.12,54.3
2021-09-15 14:16:00,83.66,54
2021-09-15 14:46:00,83.12,54.9
2021-09-15 15:16:00,83.66,55.2
2021-09-15 15:46:00,83.66,57.8
2021-09-15 16:16:00,84.92,56.3
2021-09-15 16:46:00,84.2,57
2021-09-15 17:16:00,84.2,56.8
2021-09-15 17:46:00,83.48,57.8
2021-09-15 18:16:00,82.04,59.6
2021-09-15 18:46:00,80.06,62.6
2021-09-15 19:16:00,79.16,63.9
2021-09-15 19:46:00,78.26,64.8
2021-09-15 20:16:00,77.18,66.3
2021-09-15 20:46:00,76.28,67.2
2021-09-15 21:16:00,75.56,68.1
2021-09-15 21:46:00,75.2,68.9
2021-09-15 22:16:00,74.84,69.4
2021-09-15 22:46:00,74.12,70
2021-09-15 23:16:00,73.58,70.9
2021-09-15 23:46:00,73.4,71.2
2021-09-16 00:16:00,73.04,71.8
2021-09-16 00:46:00,72.14,72.5
2021-09-16 01:16:00,72.14,72.6
2021-09-16 01:46:00,72.32,72.2
2021-09-16 02:16:00,72.5,71.8
2021-09-16 02:46:00,72.32,72.1
2021-09-16 03:16:00,71.78,72.8
2021-09-16 03:46:00,71.78,73.7
2021-09-16 04:16:00,71.24,74.1
2021-09-16 04:46:00,71.06,74.7
2021-09-16 05:16:00,71.42,75.8
2021-09-16 05:46:00,71.6,75.4
2021-09-16 06:16:00,71.6,75.6
2021-09-16 06:46:00,71.78,75.8
2021-09-16 07:16:00,72.5,75.3
2021-09-16 07:46:00,74.12,74.6
2021-09-16 08:16:00,75.92,73
2021-09-16 08:46:00,76.46,72.2
2021-09-16 09:16:00,76.64,72.3
2021-09-16 09:46:00,77.72,71.4
2021-09-16 10:16:00,79.34,68.5
2021-09-16 10:46:00,80.6,67.6
2021-09-16 11:16:00,82.22,64.5
2021-09-16 11:46:00,83.12,63.1
2021-09-16 12:16:00,83.84,61.7
2021-09-16 12:46:00,84.02,61.6
2021-09-16 13:16:00,83.66,61.4
2021-09-16 13:46:00,83.12,62.8
2021-09-16 14:16:00,84.56,61.4
2021-09-16 14:46:00,84.56,60.7
2021-09-16 15:16:00,83.66,60.8
2021-09-16 15:46:00,83.3,61.3
2021-09-16 16:16:00,82.94,61.6
2021-09-16 16:46:00,82.76,62.1
2021-09-16 17:16:00,82.4,61.6
2021-09-16 17:46:00,81.86,62
2021-09-16 18:16:00,81.32,62.8
2021-09-16 18:46:00,80.78,63.9
2021-09-16 19:16:00,80.06,64.8
2021-09-16 19:46:00,79.7,65.7
2021-09-16 20:16:00,78.62,66.5
2021-09-16 20:46:00,77.54,68.2
2021-09-16 21:16:00,76.82,69.1
2021-09-16 21:46:00,76.64,69.2
2021-09-16 22:16:00,76.46,69.8
2021-09-16 22:46:00,75.56,70.7
2021-09-16 23:16:00,75.2,71.3
2021-09-16 23:46:00,75.56,70.7
2021-09-17 00:16:00,75.2,71.4
2021-09-17 00:46:00,74.48,72
2021-09-17 01:16:00,73.94,72.6
2021-09-17 01:46:00,73.22,73.4
2021-09-17 02:16:00,72.68,73.9
2021-09-17 02:46:00,72.32,74.6
2021-09-17 03:16:00,72.14,74.6
2021-09-17 03:46:00,71.6,74.9
2021-09-17 04:16:00,71.24,75.3
2021-09-17 04:46:00,70.88,75.8
2021-09-17 05:16:00,71.24,76.3
2021-09-17 05:46:00,71.06,76.2
2021-09-17 06:16:00,70.52,77.1
2021-09-17 06:46:00,71.24,77.1
2021-09-17 07:16:00,72.32,77.1
2021-09-17 07:46:00,73.4,75.1
2021-09-17 08:16:00,74.3,73.7
2021-09-17 08:46:00,75.38,71.6
2021-09-17 09:16:00,76.1,70.7
2021-09-17 09:46:00,76.46,69.4
2021-09-17 10:16:00,78.08,68.9
2021-09-17 10:46:00,80.78,64.2
2021-09-17 11:16:00,80.6,63.1
2021-09-17 11:46:00,80.6,62.8
2021-09-17 12:16:00,81.5,61.3
2021-09-17 12:46:00,82.58,59.3
2021-09-17 13:16:00,82.4,57.7
2021-09-17 13:46:00,83.12,57.5
2021-09-17 14:16:00,83.66,57.1
2021-09-17 14:46:00,83.66,56.6
2021-09-17 15:16:00,84.2,55.9
2021-09-17 15:46:00,84.38,54.8
2021-09-17 16:16:00,84.2,53.5
2021-09-17 16:46:00,83.84,53.4
2021-09-17 17:16:00,83.66,53.7
2021-09-17 17:46:00,82.76,55.3
2021-09-17 18:16:00,80.96,58.1
2021-09-17 18:46:00,79.16,61
2021-09-17 19:16:00,78.08,63.2
2021-09-17 19:46:00,77.18,64.7
2021-09-17 20:16:00,76.46,66
2021-09-17 20:46:00,75.74,66.9
2021-09-17 21:16:00,75.38,68.2
2021-09-17 21:46:00,75.02,68.5
2021-09-17 22:16:00,74.66,69
2021-09-17 22:46:00,74.12,70
2021-09-17 23:16:00,73.76,70.5
2021-09-17 23:46:00,73.58,70.9
2021-09-18 00:16:00,73.22,71
2021-09-18 00:46:00,73.4,71.2
2021-09-18 01:16:00,72.68,71.6
2021-09-18 01:46:00,71.96,72.3
2021-09-18 02:16:00,71.42,72.9
2021-09-18 02:46:00,71.42,73
2021-09-18 03:16:00,71.06,73.1
2021-09-18 03:46:00,70.7,73.5
2021-09-18 04:16:00,70.7,74
2021-09-18 04:46:00,70.52,74.5
2021-09-18 05:16:00,70.52,74.6
2021-09-18 05:46:00,70.34,75.1
2021-09-18 06:16:00,70.34,75.5
2021-09-18 06:46:00,70.52,75.1
2021-09-18 07:16:00,71.96,73.7
2021-09-18 07:46:00,75.38,68.7
2021-09-18 08:16:00,76.1,67.2
2021-09-18 08:46:00,77.9,65.1
2021-09-18 09:16:00,78.26,63.9
2021-09-18 09:46:00,78.62,62.8
2021-09-18 10:16:00,79.7,63
2021-09-18 10:46:00,80.42,61.4
2021-09-18 11:16:00,80.42,61.8
2021-09-18 11:46:00,82.76,58.2
2021-09-18 12:16:00,81.68,59.4
2021-09-18 12:46:00,82.4,58.9
2021-09-18 13:16:00,81.68,58.1
2021-09-18 13:46:00,80.42,59.6
2021-09-18 14:16:00,81.14,58.7
2021-09-18 14:46:00,81.68,57.8
2021-09-18 15:16:00,81.5,57.3
2021-09-18 15:46:00,81.14,57.8
2021-09-18 16:16:00,79.88,58.7
2021-09-18 16:46:00,80.06,58.2
2021-09-18 17:16:00,80.78,57.1
2021-09-18 17:46:00,80.06,58
2021-09-18 18:16:00,78.44,60.2
2021-09-18 18:46:00,77.18,63.2
2021-09-18 19:16:00,76.1,65.4
2021-09-18 19:46:00,75.38,67
2021-09-18 20:16:00,74.84,69.3
2021-09-18 20:46:00,74.3,70.4
2021-09-18 21:16:00,73.94,70.9
2021-09-18 21:46:00,73.58,72.6
2021-09-18 22:16:00,73.22,73.4
2021-09-18 22:46:00,72.86,73.3
2021-09-18 23:16:00,72.32,73.9
2021-09-18 23:46:00,71.96,74.2
2021-09-19 00:16:00,71.78,74.9
2021-09-19 00:46:00,71.42,75.1
2021-09-19 01:16:00,71.06,75.4
2021-09-19 01:46:00,70.7,75.6
2021-09-19 02:16:00,70.52,76.3
2021-09-19 02:46:00,70.52,76.3
2021-09-19 03:16:00,70.34,76.6
2021-09-19 03:46:00,70.16,77
2021-09-19 04:16:00,69.98,77.3
2021-09-19 04:46:00,69.8,77.6
2021-09-19 05:16:00,69.62,78
2021-09-19 05:46:00,69.08,77.8
2021-09-19 06:16:00,68.9,78.5
2021-09-19 06:46:00,69.08,78.4
2021-09-19 07:16:00,70.52,77.3
2021-09-19 07:46:00,73.58,72.9
2021-09-19 08:16:00,75.92,69.4
2021-09-19 08:46:00,77.9,66.5
2021-09-19 09:16:00,80.78,62.8
2021-09-19 09:46:00,81.14,61.2
2021-09-19 10:16:00,81.5,60.8
2021-09-19 10:46:00,84.38,57.9
2021-09-19 11:16:00,83.12,58.9
2021-09-19 11:46:00,83.12,58.2
2021-09-19 12:16:00,83.48,58
2021-09-19 12:46:00,86,55
2021-09-19 13:16:00,85.1,55.1
2021-09-19 13:46:00,84.56,55.6
2021-09-19 14:16:00,84.2,54.8
2021-09-19 14:46:00,84.56,55.4
2021-09-19 15:16:00,84.38,55.8
2021-09-19 15:46:00,84.56,55.8
2021-09-19 16:16:00,84.74,54.9
2021-09-19 16:46:00,85.46,54.3
2021-09-19 17:16:00,84.74,54.6
2021-09-19 17:46:00,80.78,60.5
2021-09-19 18:16:00,79.16,62.2
2021-09-19 18:46:00,78.26,63.8
2021-09-19 19:16:00,77.18,65
2021-09-19 19:46:00,76.46,65.6
2021-09-19 20:16:00,75.92,66
2021-09-19 20:46:00,75.38,66.6
2021-09-19 21:16:00,74.66,67.7
2021-09-19 21:46:00,74.12,68.5
2021-09-19 22:16:00,73.4,69.2
2021-09-19 22:46:00,72.68,70.2
2021-09-19 23:16:00,71.96,70.7
2021-09-19 23:46:00,71.78,71.3
2021-09-20 00:16:00,71.6,71.6
2021-09-20 00:46:00,71.42,72.2
2021-09-20 01:16:00,70.7,72.7
2021-09-20 01:46:00,70.16,73.6
2021-09-20 02:16:00,70.16,73.5
2021-09-20 02:46:00,69.44,74.1
2021-09-20 03:16:00,69.08,74.1
2021-09-20 03:46:00,68.72,74.6
2021-09-20 04:16:00,68.36,75.3
2021-09-20 04:46:00,68.54,75.3
2021-09-20 05:16:00,68.36,75.4
2021-09-20 05:46:00,67.46,75.8
2021-09-20 06:16:00,67.64,76.5
2021-09-20 06:46:00,67.82,76.6
2021-09-20 07:16:00,69.44,77.3
2021-09-20 07:46:00,73.22,74
2021-09-20 08:16:00,75.56,69.9
2021-09-20 08:46:00,76.46,68.5
2021-09-20 09:16:00,78.26,64.2
2021-09-20 09:46:00,79.52,61.4
2021-09-20 10:16:00,79.52,62.5
2021-09-20 10:46:00,82.94,58.1
2021-09-20 11:16:00,85.46,54.9
2021-09-20 11:46:00,82.4,55.7
2021-09-20 12:16:00,81.86,54.8
2021-09-20 12:46:00,81.86,55
2021-09-20 13:16:00,82.04,55.8
2021-09-20 13:46:00,83.12,54.6
2021-09-20 14:16:00,82.94,55.6
2021-09-20 14:46:00,83.48,55.5
2021-09-20 15:16:00,82.4,56.2
2021-09-20 15:46:00,82.04,56.3
2021-09-20 16:16:00,81.86,56.4
2021-09-20 16:46:00,80.96,58.7
2021-09-20 17:16:00,81.32,57.9
2021-09-20 17:46:00,80.96,57.8
2021-09-20 18:16:00,79.34,59.4
2021-09-20 18:46:00,77.72,61.5
2021-09-20 19:16:00,76.64,62.9
2021-09-20 19:46:00,75.56,64.1
2021-09-20 20:16:00,75.02,64.7
2021-09-20 20:46:00,74.48,65.2
2021-09-20 21:16:00,73.76,66.3
2021-09-20 21:46:00,73.58,67.1
2021-09-20 22:16:00,73.22,67.6
2021-09-20 22:46:00,73.04,67.8
2021-09-20 23:16:00,72.86,68.7
2021-09-20 23:46:00,72.68,69.2
2021-09-21 00:16:00,72.68,70
2021-09-21 00:46:00,72.14,70
2021-09-21 01:16:00,71.6,70.8
2021-09-21 01:46:00,71.06,71.3
2021-09-21 02:16:00,70.16,72.2
2021-09-21 02:46:00,70.16,72.4
2021-09-21 03:16:00,69.8,72.6
2021-09-21 03:46:00,69.44,72.9
2021-09-21 04:16:00,69.26,73.1
2021-09-21 04:46:00,69.26,73.2
2021-09-21 05:16:00,69.08,73.3
2021-09-21 05:46:00,69.26,73.6
2021-09-21 06:16:00,69.26,73.8
2021-09-21 06:46:00,69.98,74.2
2021-09-21 07:16:00,71.42,74.6
2021-09-21 07:46:00,74.84,71.1
2021-09-21 08:16:00,77.18,66.7
2021-09-21 08:46:00,76.46,67.8
2021-09-21 09:16:00,76.64,68.7
2021-09-21 09:46:00,77,69.2
2021-09-21 10:16:00,77.54,68.3
2021-09-21 10:46:00,77.72,68.2
2021-09-21 11:16:00,78.26,67.7
2021-09-21 11:46:00,79.88,66
2021-09-21 12:16:00,79.7,65
2021-09-21 12:46:00,79.16,65.8
2021-09-21 13:16:00,79.34,67.3
2021-09-21 13:46:00,80.96,64.4
2021-09-21 14:16:00,80.24,64.3
2021-09-21 14:46:00,80.6,62.6
2021-09-21 15:16:00,79.88,62.8
2021-09-21 15:46:00,80.42,61.7
2021-09-21 16:16:00,81.68,59.1
2021-09-21 16:46:00,80.6,58.4
2021-09-21 17:16:00,79.88,59.3
2021-09-21 17:46:00,78.98,61
2021-09-21 18:16:00,77.9,62.7
2021-09-21 18:46:00,76.82,64.2
2021-09-21 19:16:00,76.1,65.1
2021-09-21 19:46:00,75.38,66.2
2021-09-21 20:16:00,74.66,66.9
2021-09-21 20:46:00,74.3,67.4
2021-09-21 21:16:00,73.76,68.5
2021-09-21 21:46:00,73.04,69
2021-09-21 22:16:00,72.86,69.6
2021-09-21 22:46:00,72.68,70.2
2021-09-21 23:16:00,72.14,70.9
2021-09-21 23:46:00,71.6,71.2
2021-09-22 00:16:00,71.06,71.8
2021-09-22 00:46:00,71.42,71.3
2021-09-22 01:16:00,70.7,71.7
2021-09-22 01:46:00,70.52,72.4
2021-09-22 02:16:00,70.16,73.2
2021-09-22 02:46:00,69.62,73.5
2021-09-22 03:16:00,69.26,74.4
2021-09-22 03:46:00,69.08,74.5
2021-09-22 04:16:00,68.72,75.1
2021-09-22 04:46:00,68.72,75.4
2021-09-22 05:16:00,68.18,75.6
2021-09-22 05:46:00,68,75.9
2021-09-22 06:16:00,67.82,76.3
2021-09-22 06:46:00,67.64,76.5
2021-09-22 07:16:00,69.08,75.6
2021-09-22 07:46:00,72.68,70.2
2021-09-22 08:16:00,75.2,66.3
2021-09-22 08:46:00,77.18,63.5
2021-09-22 09:16:00,78.98,59.9
2021-09-22 09:46:00,80.24,56.4
2021-09-22 10:16:00,81.86,53.5
2021-09-22 10:46:00,82.22,52.3
2021-09-22 11:16:00,83.48,51.6
2021-09-22 11:46:00,82.4,51.5
2021-09-22 12:16:00,82.22,52.9
2021-09-22 12:46:00,82.4,52
2021-09-22 13:16:00,81.5,53.2
2021-09-22 13:46:00,82.94,54.4
2021-09-22 14:16:00,83.12,54
2021-09-22 14:46:00,82.94,56.2
2021-09-22 15:16:00,82.94,56.8
2021-09-22 15:46:00,82.76,56.9
2021-09-22 16:16:00,82.4,57.7
2021-09-22 16:46:00,82.04,58.2
2021-09-22 17:16:00,81.32,58.8
2021-09-22 17:46:00,80.42,59.7
2021-09-22 18:16:00,79.7,60.7
2021-09-22 18:46:00,78.26,62.8
2021-09-22 19:16:00,77.18,64
2021-09-22 19:46:00,76.28,65.5
2021-09-22 20:16:00,75.38,66.8
2021-09-22 20:46:00,74.84,67.9
2021-09-22 21:16:00,74.3,69.1
2021-09-22 21:46:00,73.76,69.9
2021-09-22 22:16:00,73.4,71
2021-09-22 22:46:00,72.86,71.3
2021-09-22 23:16:00,72.32,72.1
2021-09-22 23:46:00,71.78,72.3
2021-09-23 00:16:00,71.06,73
2021-09-23 00:46:00,71.06,73.4
2021-09-23 01:16:00,70.88,73.7
2021-09-23 01:46:00,70.7,74.1
2021-09-23 02:16:00,70.16,74.6
2021-09-23 02:46:00,69.62,74.9
2021-09-23 03:16:00,69.08,75.1
2021-09-23 03:46:00,68.36,75.2
2021-09-23 04:16:00,67.82,74.8
2021-09-23 04:46:00,67.64,75.3
2021-09-23 05:16:00,67.28,75.4
2021-09-23 05:46:00,66.92,75.7
2021-09-23 06:16:00,66.38,75.7
2021-09-23 06:46:00,66.38,76.1
2021-09-23 07:16:00,67.82,75.6
2021-09-23 07:46:00,71.78,74.5
2021-09-23 08:16:00,74.48,70.7
2021-09-23 08:46:00,75.92,69.3
2021-09-23 09:16:00,77.72,66.8
2021-09-23 09:46:00,77.18,65.8
2021-09-23 10:16:00,76.82,68.8
2021-09-23 10:46:00,76.82,69.6
2021-09-23 11:16:00,80.24,63.6
2021-09-23 11:46:00,78.98,65.5
2021-09-23 12:16:00,79.16,67.1
2021-09-23 12:46:00,80.06,65
2021-09-23 13:16:00,80.78,64.9
2021-09-23 13:46:00,80.96,63.2
2021-09-23 14:16:00,80.42,63.5
2021-09-23 14:46:00,80.24,63.5
2021-09-23 15:16:00,80.6,62.2
2021-09-23 15:46:00,80.06,63.5
2021-09-23 16:16:00,80.24,64.6
2021-09-23 16:46:00,80.06,64.8
2021-09-23 17:16:00,80.24,64.7
2021-09-23 17:46:00,80.06,64.3
2021-09-23 18:16:00,78.98,65.7
2021-09-23 18:46:00,77.9,66.9
2021-09-23 19:16:00,76.46,68.8
2021-09-23 19:46:00,75.56,69.9
2021-09-23 20:16:00,74.84,70.7
2021-09-23 20:46:00,74.12,71.6
2021-09-23 21:16:00,74.12,71.7
2021-09-23 21:46:00,74.3,71.2
2021-09-23 22:16:00,73.94,71.2
2021-09-23 22:46:00,73.22,72.8
2021-09-23 23:16:00,73.22,73.3
2021-09-23 23:46:00,73.4,73.2
2021-09-24 00:16:00,72.68,73.8
2021-09-24 00:46:00,72.32,74.3
2021-09-24 01:16:00,71.42,74.9
2021-09-24 01:46:00,70.7,75.5
2021-09-24 02:16:00,70.52,76.6
2021-09-24 02:46:00,70.52,77
2021-09-24 03:16:00,70.16,77.2
2021-09-24 03:46:00,70.34,78.6
2021-09-24 04:16:00,70.52,78.6
2021-09-24 04:46:00,70.52,78
2021-09-24 05:16:00,70.16,78.4
2021-09-24 05:46:00,69.98,78.9
2021-09-24 06:16:00,69.8,78.9
2021-09-24 06:46:00,69.44,79.2
2021-09-24 07:16:00,70.52,78.6
2021-09-24 07:46:00,74.12,75.8
2021-09-24 08:16:00,76.46,72.5
2021-09-24 08:46:00,77.54,69.9
2021-09-24 09:16:00,76.64,70.3
2021-09-24 09:46:00,76.46,70.2
2021-09-24 10:16:00,77.36,68.5
2021-09-24 10:46:00,77.54,68.8
